ВРЕМЯ,СУММА,КАТЕГОРИЯ
2017-04-28 01:58:00,-205.0,Еда
2017-04-28 22:43:00,-153.0,Еда
2017-04-28 22:43:00,-600.0,Интернет и телефон
2017-04-29 13:59:00,-265.0,Еда
2017-04-29 13:59:00,-5000.0,Путешествия
2017-04-29 14:43:00,-545.0,Путешествия
2017-04-29 14:43:00,50000.0,Доходы
2017-04-29 14:49:00,-65170.0,Путешествия
2017-04-29 17:30:00,-700.0,Путешествия
2017-04-29 18:54:00,-912.0,Путешествия
2017-04-30 07:15:00,-480.0,Путешествия
2017-04-30 08:16:00,-300.0,Путешествия
2017-04-30 13:43:00,-26700.0,Путешествия
2017-04-30 13:43:00,-100.0,Путешествия
2017-04-30 17:20:00,-600.0,Путешествия
2017-05-01 07:52:00,-1300.0,Путешествия
2017-05-01 10:53:00,-2500.0,Путешествия
2017-05-01 10:54:00,-50.0,Путешествия
2017-05-01 16:30:00,-600.0,Путешествия
2017-05-01 20:39:00,-342.0,Путешествия
2017-05-02 15:00:00,-300.0,Путешествия
2017-05-02 15:00:00,-150.0,Путешествия
2017-05-02 15:00:00,-1140.0,Путешествия
2017-05-02 15:00:00,-135.0,Путешествия
2017-05-03 12:21:00,-1130.0,Путешествия
2017-05-03 12:21:00,-1050.0,Путешествия
2017-05-03 13:00:00,-100.0,Путешествия
2017-05-03 15:04:00,-375.0,Путешествия
2017-05-03 17:03:00,-520.0,Путешествия
2017-05-04 16:36:00,-800.0,Путешествия
2017-05-04 16:36:00,-780.0,Путешествия
2017-05-04 16:38:00,-1300.0,Путешествия
2017-05-04 16:39:00,-680.0,Путешествия
2017-05-04 16:39:00,-260.0,Путешествия
2017-05-04 16:39:00,-350.0,Путешествия
2017-05-04 16:39:00,-1000.0,Путешествия
2017-05-05 08:15:00,-525.0,Путешествия
2017-05-05 08:15:00,-800.0,Путешествия
2017-05-05 08:15:00,-325.0,Путешествия
2017-05-05 08:15:00,-660.0,Путешествия
2017-05-05 08:15:00,-500.0,Путешествия
2017-05-05 08:15:00,-1000.0,Путешествия
2017-05-06 08:15:00,-800.0,Путешествия
2017-05-06 08:15:00,-1500.0,Путешествия
2017-05-06 12:11:00,-650.0,Путешествия
2017-05-06 12:11:00,-1115.0,Путешествия
2017-05-06 12:11:00,-500.0,Путешествия
2017-05-07 05:45:00,-750.0,Путешествия
2017-05-09 09:08:00,-1900.0,Еда
2017-05-09 09:08:00,15660.0,Доходы
2017-05-09 09:08:00,13050.0,Доходы
2017-05-09 09:08:00,2349.0,Доходы
2017-05-09 09:08:00,2095.0,Доходы
2017-05-09 16:26:00,-780.0,Компьютер и программы
2017-05-09 23:16:00,-1700.0,Транспорт
2017-05-11 14:09:00,-2100.0,Еда
2017-05-14 10:30:00,-5000.0,Интернет и телефон
2017-05-15 21:28:00,-2400.0,Еда
2017-05-15 21:28:00,-840.0,Еда
2017-05-16 00:00:00,10000.0,Доходы
2017-05-17 11:41:00,-1000.0,Подарки
2017-05-17 20:51:00,-930.0,Еда
2017-05-18 22:45:00,-1050.0,Еда
2017-05-20 18:52:00,-1300.0,Развлечения
2017-05-23 16:34:00,-295.0,Еда
2017-05-23 16:34:00,-130.0,Еда
2017-05-24 14:04:00,-870.0,Еда
2017-05-25 14:28:00,10440.0,Доходы
2017-05-25 14:28:00,2540.0,Доходы
2017-05-26 00:51:00,-320.0,Еда
2017-05-26 00:51:00,-640.0,Развлечения
2017-05-26 22:29:00,-1300.0,Еда
2017-05-26 22:29:00,-2073.0,Еда
2017-05-27 11:40:00,-930.0,Развлечения
2017-05-28 22:49:00,-940.0,Еда
2017-05-30 21:15:00,-466.0,Еда
2017-05-30 21:15:00,-13200.0,Подарки
2017-05-31 19:16:00,-900.0,Еда
2017-05-31 19:16:00,-456.0,Еда
2017-06-02 18:59:00,-1986.0,Еда
2017-06-03 23:34:00,-700.0,Еда
2017-06-04 14:32:00,-81.0,Интернет и телефон
2017-06-05 20:43:00,22000.0,Доходы
2017-06-06 17:45:00,-1500.0,Еда
2017-06-07 20:35:00,-870.0,Еда
2017-06-08 19:28:00,-563.0,Еда
2017-06-09 09:52:00,2165.0,Доходы
2017-06-09 22:18:00,-250.0,Еда
2017-06-10 09:31:00,28700.0,Доходы
2017-06-10 09:31:00,3000.0,Доходы
2017-06-10 16:00:00,-54000.0,Комплектующие
2017-06-10 16:00:00,-1000.0,Комплектующие
2017-06-10 21:01:00,2165.0,Доходы
2017-06-10 21:01:00,-25000.0,Дом
2017-06-11 18:17:00,-1480.0,Еда
2017-06-11 18:48:00,-550.0,Стройматериалы
2017-06-11 18:48:00,-1400.0,Дом
2017-06-13 11:36:00,-324.0,Комплектующие
2017-06-13 15:46:00,-4000.0,Комплектующие
2017-06-13 19:06:00,-1250.0,Подарки
2017-06-13 19:06:00,-2800.0,Еда
2017-06-15 12:13:00,-1100.0,Дом
2017-06-15 12:13:00,-550.0,Стройматериалы
2017-06-16 13:39:00,10000.0,Доходы
2017-06-16 18:46:00,-1734.0,Еда
2017-06-16 20:01:00,-1700.0,Транспорт
2017-06-18 00:20:00,1950.0,Доходы
2017-06-19 01:55:00,-64000.0,Комплектующие
2017-06-19 12:33:00,-1450.0,Комплектующие
2017-06-20 23:49:00,-1250.0,Еда
2017-06-21 10:05:00,-1000.0,Интернет и телефон
2017-06-21 13:08:00,-2000.0,Автомобиль
2017-06-22 09:07:00,13050.0,Доходы
2017-06-22 20:11:00,-440.0,Комплектующие
2017-06-22 20:11:00,-400.0,Развлечения
2017-06-23 14:01:00,8300.0,Доходы
2017-06-23 15:11:00,-620.0,Комплектующие
2017-06-24 15:23:00,-590.0,Еда
2017-06-24 20:28:00,-2244.0,Еда
2017-06-25 11:22:00,-400.0,Комплектующие
2017-06-25 13:33:00,-1900.0,Комплектующие
2017-06-25 17:10:00,-1407.0,Дом
2017-06-25 20:22:00,-1260.0,Еда
2017-06-25 21:12:00,-590.0,Еда
2017-06-26 00:00:00,-1800.0,Развлечения
2017-06-26 00:00:00,-466.0,Транспорт
2017-06-27 12:48:00,10000.0,Доходы
2017-06-28 01:31:00,-1100.0,Еда
2017-06-28 13:01:00,-2000.0,Автомобиль
2017-06-28 15:51:00,10000.0,Доходы
2017-06-28 21:48:00,49678.0,Доходы
2017-06-28 21:48:00,21740.0,Доходы
2017-06-28 21:48:00,1679.0,Доходы
2017-06-29 20:11:00,-970.0,Еда
2017-06-30 11:20:00,-5000.0,Подарки
2017-06-30 20:05:00,-1313.0,Дом
2017-06-30 23:07:00,-460.0,Еда
2017-07-01 11:20:00,-25000.0,Дом
2017-07-03 12:44:00,-6980.0,Автомобиль
2017-07-03 21:46:00,-1020.0,Еда
2017-07-04 17:44:00,1159.0,Доходы
2017-07-05 18:01:00,-1100.0,Еда
2017-07-05 18:01:00,22000.0,Доходы
2017-07-06 19:59:00,-2148.0,Еда
2017-07-06 19:59:00,-324.0,Еда
2017-07-07 10:04:00,2498.0,Доходы
2017-07-07 14:52:00,-1300.0,Развлечения
2017-07-07 16:56:00,-760.0,Развлечения
2017-07-08 17:13:00,18817.0,Доходы
2017-07-08 17:13:00,251.0,Доходы
2017-07-08 17:13:00,13050.0,Доходы
2017-07-09 09:14:00,2095.0,Доходы
2017-07-09 13:13:00,-232.0,Транспорт
2017-07-09 14:45:00,-9735.0,Дом
2017-07-09 15:22:00,-334.0,Транспорт
2017-07-09 17:51:00,-3096.0,Дом
2017-07-09 17:51:00,-21151.0,Подарки
2017-07-09 19:34:00,-714.0,Еда
2017-07-10 20:19:00,-443.0,Еда
2017-07-11 12:56:00,18270.0,Доходы
2017-07-11 20:37:00,-5090.0,Комплектующие
2017-07-11 20:37:00,-418.0,Еда
2017-07-12 12:56:00,-550.0,Красота и здоровье
2017-07-12 13:49:00,-2200.0,Еда
2017-07-12 13:49:00,-650.0,Еда
2017-07-13 12:03:00,-770.0,Компьютер и программы
2017-07-13 16:14:00,12500.0,Доходы
2017-07-13 16:51:00,-1364.0,Еда
2017-07-14 16:31:00,5000.0,Доходы
2017-07-15 18:15:00,-88.0,Транспорт
2017-07-17 12:49:00,1245.0,Доходы
2017-07-17 12:49:00,442.0,Доходы
2017-07-17 19:31:00,-1392.0,Еда
2017-07-17 19:31:00,-485.0,Еда
2017-07-18 15:06:00,-9500.0,Одежда и обувь
2017-07-18 15:06:00,-195.0,Еда
2017-07-18 17:25:00,-783.0,Одежда и обувь
2017-07-18 17:25:00,-310.0,Транспорт
2017-07-18 17:25:00,-700.0,Транспорт
2017-07-18 18:44:00,-2134.0,Еда
2017-07-18 22:28:00,-100.0,Еда
2017-07-18 22:28:00,-15800.0,Дом
2017-07-20 17:16:00,-619.0,Еда
2017-07-20 17:16:00,-286.0,Еда
2017-07-20 21:44:00,-1911.0,Еда
2017-07-21 16:20:00,-2249.0,Дом
2017-07-22 10:09:00,6670.0,Доходы
2017-07-23 14:38:00,-2192.0,Еда
2017-07-23 18:31:00,-1076.0,Дом
2017-07-23 18:31:00,-1282.0,Еда
2017-07-23 18:31:00,-1700.0,Автомобиль
2017-07-23 18:31:00,-1740.0,Развлечения
2017-07-24 18:21:00,10000.0,Доходы
2017-07-26 20:15:00,-172.0,Еда
2017-07-26 20:15:00,-386.0,Еда
2017-07-27 17:30:00,-766.0,Еда
2017-07-28 13:08:00,-534.0,Еда
2017-07-29 17:39:00,-540.0,Еда
2017-07-29 17:39:00,-384.0,Еда
2017-07-30 23:31:00,-2790.0,Спорт
2017-08-01 19:06:00,-391.0,Еда
2017-08-01 19:06:00,-962.0,Еда
2017-08-02 10:18:00,-1700.0,Транспорт
2017-08-02 10:18:00,-760.0,Транспорт
2017-08-02 19:25:00,-25000.0,Дом
2017-08-03 10:16:00,-1000.0,Еда
2017-08-04 14:29:00,-1000.0,Автомобиль
2017-08-04 15:01:00,-700.0,Автомобиль
2017-08-04 15:54:00,-255.0,Развлечения
2017-08-04 15:54:00,-110.0,Еда
2017-08-04 16:31:00,23000.0,Доходы
2017-08-04 16:31:00,263.0,Доходы
2017-08-05 18:56:00,-658.0,Еда
2017-08-05 20:19:00,-383.0,Еда
2017-08-06 13:26:00,-970.0,Еда
2017-08-06 14:41:00,-116.0,Еда
2017-08-06 14:41:00,-422.0,Еда
2017-08-06 20:26:00,-26600.0,Путешествия
2017-08-06 20:26:00,-26600.0,Путешествия
2017-08-07 10:33:00,-6500.0,Дом
2017-08-08 17:06:00,-570.0,Подарки
2017-08-09 09:21:00,2165.0,Доходы
2017-08-10 11:23:00,-2300.0,Еда
2017-08-10 15:23:00,-447.0,Еда
2017-08-10 15:23:00,-688.0,Еда
2017-08-10 17:53:00,-142.0,Одежда и обувь
2017-08-11 13:01:00,29217.0,Доходы
2017-08-11 15:01:00,-392.0,Еда
2017-08-11 18:22:00,-440.0,Развлечения
2017-08-11 18:42:00,-1200.0,Хобби
2017-08-11 23:47:00,12500.0,Доходы
2017-08-12 11:35:00,-9100.0,Спорт
2017-08-12 17:05:00,-1600.0,Спорт
2017-08-13 15:40:00,-883.0,Еда
2017-08-13 19:14:00,-3500.0,Одежда и обувь
2017-08-14 20:00:00,-846.0,Еда
2017-08-15 15:00:00,-4240.0,Одежда и обувь
2017-08-15 15:42:00,-6000.0,Одежда и обувь
2017-08-15 16:50:00,-6641.0,Одежда и обувь
2017-08-15 17:10:00,-568.0,Еда
2017-08-15 18:11:00,-1105.0,Еда
2017-08-17 13:29:00,-465.0,Еда
2017-08-17 17:19:00,-375.0,Еда
2017-08-17 17:19:00,-279.0,Еда
2017-08-18 13:29:00,3000.0,Доходы
2017-08-18 13:47:00,1485.0,Доходы
2017-08-18 17:19:00,304.0,Доходы
2017-08-18 19:00:00,-1186.0,Еда
2017-08-18 19:00:00,-160.0,Здоровье
2017-08-18 21:33:00,-489.0,Здоровье
2017-08-19 15:58:00,-293.0,Еда
2017-08-19 18:56:00,-1000.0,Путешествия
2017-08-19 20:10:00,-800.0,Путешествия
2017-08-19 20:37:00,-230.0,Еда
2017-08-19 20:37:00,-180.0,Еда
2017-08-20 02:25:00,-750.0,Еда
2017-08-20 04:29:00,-30.0,Путешествия
2017-08-20 04:29:00,-70.0,Путешествия
2017-08-20 04:29:00,-128.0,Путешествия
2017-08-20 04:29:00,-40.0,Путешествия
2017-08-20 20:00:00,-25000.0,Дом
2017-08-21 09:04:00,-6300.0,Путешествия
2017-08-21 09:04:00,-423.0,Еда
2017-08-24 18:17:00,1485.0,Доходы
2017-08-24 18:17:00,10000.0,Доходы
2017-08-25 14:51:00,723.0,Доходы
2017-08-25 14:51:00,395.0,Доходы
2017-08-26 11:25:00,-525.0,Путешествия
2017-08-26 12:21:00,-1000.0,Путешествия
2017-08-26 12:21:00,-1210.0,Еда
2017-08-26 12:21:00,-1100.0,Путешествия
2017-08-26 19:03:00,2222.0,Доходы
2017-08-26 22:39:00,-974.0,Еда
2017-08-27 17:40:00,33383.0,Доходы
2017-08-28 13:52:00,-175.0,Еда
2017-08-28 14:18:00,-197.0,Еда
2017-08-28 16:44:00,-839.0,Еда
2017-08-28 23:12:00,-2000.0,Интернет и телефон
2017-08-29 11:09:00,-7800.0,Дом
2017-08-29 20:01:00,-2000.0,Комплектующие
2017-08-29 20:01:00,-8040.0,Комплектующие
2017-08-31 21:40:00,-168.0,Еда
2017-09-01 15:52:00,-794.0,Еда
2017-09-01 23:10:00,-3777.0,Еда
2017-09-03 00:08:00,-550.0,Транспорт
2017-09-03 00:08:00,-1140.0,Подарки
2017-09-03 00:08:00,-430.0,Еда
2017-09-03 15:54:00,-566.0,Транспорт
2017-09-03 16:38:00,-590.0,Транспорт
2017-09-04 15:51:00,-260.0,Еда
2017-09-05 09:48:00,-20000.0,Компьютер и программы
2017-09-05 13:47:00,-1231.0,Еда
2017-09-05 13:47:00,-2550.0,Еда
2017-09-05 15:39:00,28173.0,Доходы
2017-09-05 16:26:00,-25000.0,Подарки
2017-09-06 17:34:00,-235.0,Компьютер и программы
2017-09-06 22:40:00,-544.0,Еда
2017-09-07 12:45:00,-2565.0,Компьютер и программы
2017-09-07 20:03:00,2489.0,Доходы
2017-09-08 01:14:00,-2262.0,Компьютер и программы
2017-09-08 10:18:00,-323.0,Компьютер и программы
2017-09-08 14:56:00,-250.0,Еда
2017-09-09 09:12:00,2165.0,Доходы
2017-09-09 10:18:00,-565.0,Дом
2017-09-09 14:26:00,-1007.0,Еда
2017-09-09 18:47:00,-600.0,Еда
2017-09-10 09:59:00,1443.0,Доходы
2017-09-10 10:43:00,-900.0,Дом
2017-09-10 17:13:00,-1150.0,Еда
2017-09-10 17:13:00,-150.0,Развлечения
2017-09-10 23:16:00,-408.0,Еда
2017-09-11 18:13:00,-1067.0,Компьютер и программы
2017-09-11 18:13:00,-195.0,Еда
2017-09-12 14:02:00,12500.0,Доходы
2017-09-12 20:38:00,-814.0,Еда
2017-09-12 20:38:00,-630.0,Спорт
2017-09-12 20:38:00,-529.0,Еда
2017-09-13 09:30:00,38.0,Доходы
2017-09-13 09:30:00,2478.0,Доходы
2017-09-13 09:30:00,2743.0,Доходы
2017-09-13 11:47:00,-1700.0,Транспорт
2017-09-13 13:07:00,-2055.0,Комплектующие
2017-09-14 09:22:00,-920.0,Еда
2017-09-14 11:47:00,-509.0,Еда
2017-09-15 14:11:00,-270.0,Еда
2017-09-16 11:18:00,-12651.0,Доходы
2017-09-16 22:38:00,-2075.0,Еда
2017-09-16 22:38:00,-630.0,Спорт
2017-09-17 18:48:00,-22660.0,Спорт
2017-09-17 22:00:00,-639.0,Еда
2017-09-18 00:47:00,500.0,Доходы
2017-09-19 19:17:00,-1719.0,Еда
2017-09-20 15:41:00,-19440.0,Компьютер и программы
2017-09-20 22:41:00,-630.0,Спорт
2017-09-21 15:51:00,3320.0,Доходы
2017-09-21 20:01:00,-375.0,Еда
2017-09-22 18:53:00,-728.0,Еда
2017-09-23 00:02:00,-294.0,Еда
2017-09-23 00:02:00,-390.0,Еда
2017-09-23 11:19:00,15000.0,Доходы
2017-09-24 18:58:00,-1253.0,Еда
2017-09-25 15:06:00,-1000.0,Подарки
2017-09-25 19:25:00,-1700.0,Спорт
2017-09-25 22:57:00,-1563.0,Красота и здоровье
2017-09-26 13:37:00,10000.0,Доходы
2017-09-26 14:48:00,-210.0,Еда
2017-09-27 00:54:00,-225.0,Красота и здоровье
2017-09-27 11:24:00,1573.0,Доходы
2017-09-27 15:06:00,-1800.0,Дом
2017-09-27 18:19:00,-1415.0,Еда
2017-09-28 21:36:00,-990.0,Дом
2017-09-29 14:21:00,-250.0,Еда
2017-09-29 20:09:00,-25000.0,Дом
2017-09-30 17:51:00,-3200.0,Одежда и обувь
2017-09-30 17:51:00,-1099.0,Одежда и обувь
2017-10-01 21:13:00,-1897.0,Еда
2017-10-02 13:22:00,-737.0,Еда
2017-10-02 15:24:00,-300.0,Еда
2017-10-02 20:02:00,-400.0,Подарки
2017-10-05 13:51:00,28173.0,Доходы
2017-10-05 15:43:00,-760.0,Транспорт
2017-10-05 15:43:00,-285.0,Еда
2017-10-06 15:43:00,2198.0,Доходы
2017-10-06 23:35:00,-1085.0,Еда
2017-10-06 23:35:00,-589.0,Еда
2017-10-06 23:35:00,-1700.0,Транспорт
2017-10-07 16:54:00,-350.0,Еда
2017-10-07 16:54:00,-130.0,Еда
2017-10-07 18:33:00,-118.0,Комплектующие
2017-10-07 18:53:00,-3092.0,Комплектующие
2017-10-07 19:05:00,-720.0,Дом
2017-10-07 19:05:00,-1024.0,Еда
2017-10-08 18:33:00,-117.0,Комплектующие
2017-10-08 19:24:00,-684.0,Еда
2017-10-09 20:09:00,-1500.0,Обучение
2017-10-09 23:03:00,-170.0,Компьютер и программы
2017-10-10 23:39:00,-1317.0,Еда
2017-10-11 14:56:00,72000.0,Доходы
2017-10-11 14:56:00,13000.0,Доходы
2017-10-11 15:13:00,-390.0,Еда
2017-10-11 22:11:00,-1142.0,Еда
2017-10-12 15:13:00,-284.0,Еда
2017-10-12 16:14:00,-3550.0,Украшения
2017-10-12 17:53:00,-353.0,Комплектующие
2017-10-13 09:32:00,-300.0,Еда
2017-10-13 12:17:00,12500.0,Доходы
2017-10-14 13:35:00,-550.0,Красота и здоровье
2017-10-14 21:32:00,-431.0,Еда
2017-10-15 10:05:00,-2700.0,Спорт
2017-10-15 13:35:00,-2518.0,Еда
2017-10-16 15:53:00,-981.0,Еда
2017-10-18 11:25:00,1755.0,Доходы
2017-10-18 11:25:00,906.0,Доходы
2017-10-18 20:36:00,-722.0,Здоровье
2017-10-20 13:00:00,-185.0,Еда
2017-10-20 16:09:00,-80.0,Еда
2017-10-20 16:36:00,-222.0,Подарки
2017-10-20 17:31:00,-1645.0,Еда
2017-10-21 12:59:00,-2736.0,Комплектующие
2017-10-21 16:09:00,-200.0,Еда
2017-10-21 16:09:00,-250.0,Еда
2017-10-22 14:38:00,-969.0,Еда
2017-10-22 20:22:00,-290.0,Транспорт
2017-10-22 20:22:00,-2700.0,Спорт
2017-10-23 00:58:00,-216.0,Транспорт
2017-10-23 12:38:00,2880.0,Доходы
2017-10-23 13:51:00,-341.0,Комплектующие
2017-10-23 17:09:00,-1204.0,Еда
2017-10-23 17:17:00,-100.0,Еда
2017-10-24 21:34:00,-1500.0,Подарки
2017-10-25 19:48:00,-1500.0,Дом
2017-10-26 10:46:00,-400.0,Спорт
2017-10-26 18:58:00,-284.0,Еда
2017-10-26 20:02:00,-5500.0,Одежда и обувь
2017-10-26 21:50:00,-700.0,Еда
2017-10-27 02:24:00,11573.0,Доходы
2017-10-27 10:44:00,15000.0,Доходы
2017-10-27 16:40:00,-850.0,Еда
2017-10-29 19:43:00,-286.0,Транспорт
2017-10-30 00:53:00,-2700.0,Спорт
2017-10-30 00:53:00,-270.0,Транспорт
2017-10-31 17:00:00,-166.0,Здоровье
2017-10-31 17:00:00,-899.0,Еда
2017-11-01 17:49:00,-390.0,Еда
2017-11-02 17:27:00,-420.0,Еда
2017-11-03 14:23:00,103173.0,Доходы
2017-11-03 14:42:00,-220.0,Еда
2017-11-03 19:22:00,2638.0,Доходы
2017-11-03 20:56:00,-1890.0,Еда
2017-11-04 13:12:00,-2700.0,Спорт
2017-11-04 13:12:00,-25000.0,Подарки
2017-11-04 17:38:00,-1827.0,Еда
2017-11-05 16:14:00,-1190.0,Еда
2017-11-05 16:14:00,-861.0,Еда
2017-11-06 20:06:00,-272.0,Транспорт
2017-11-06 23:37:00,-224.0,Транспорт
2017-11-06 23:37:00,-2700.0,Спорт
2017-11-07 14:52:00,-1500.0,Подарки
2017-11-07 15:48:00,-250.0,Еда
2017-11-08 17:23:00,-759.0,Еда
2017-11-08 17:54:00,-2900.0,Еда
2017-11-09 12:36:00,-453.0,Здоровье
2017-11-09 22:07:00,72000.0,Доходы
2017-11-09 22:07:00,13000.0,Доходы
2017-11-10 00:17:00,1443.0,Доходы
2017-11-10 11:24:00,-25000.0,Дом
2017-11-10 12:38:00,12500.0,Доходы
2017-11-10 19:51:00,-295.0,Еда
2017-11-11 12:31:00,-22757.0,Комплектующие
2017-11-11 12:31:00,19000.0,Доходы
2017-11-11 13:38:00,-680.0,Дом
2017-11-11 15:16:00,-10000.0,Подарки
2017-11-11 15:16:00,-830.0,Красота и здоровье
2017-11-11 18:20:00,-1000.0,Компьютер и программы
2017-11-11 21:13:00,-200.0,Компьютер и программы
2017-11-11 22:33:00,-300.0,Подарки
2017-11-11 22:53:00,-307.0,Комплектующие
2017-11-13 20:53:00,-1433.0,Здоровье
2017-11-13 20:53:00,-4900.0,Украшения
2017-11-14 21:01:00,-1332.0,Еда
2017-11-14 21:01:00,-398.0,Еда
2017-11-16 14:28:00,-11040.0,Путешествия
2017-11-16 16:26:00,-315.0,Еда
2017-11-17 00:51:00,558.0,Доходы
2017-11-17 00:51:00,1035.0,Доходы
2017-11-17 00:51:00,974.0,Доходы
2017-11-17 14:28:00,-180.0,Еда
2017-11-18 00:51:00,-7800.0,Развлечения
2017-11-18 16:55:00,-33000.0,Путешествия
2017-11-19 14:38:00,-1672.0,Еда
2017-11-20 13:36:00,-13528.0,Компьютер и программы
2017-11-20 13:36:00,-2535.0,Подарки
2017-11-22 20:42:00,2960.0,Доходы
2017-11-23 11:51:00,32000.0,Доходы
2017-11-23 12:51:00,-720.0,Компьютер и программы
2017-11-23 18:40:00,15000.0,Доходы
2017-11-23 20:23:00,11573.0,Доходы
2017-11-23 21:06:00,-653.0,Еда
2017-11-23 21:06:00,-150.0,Еда
2017-11-24 00:35:00,-19200.0,Путешествия
2017-11-24 14:12:00,-230.0,Еда
2017-11-24 14:12:00,-105.0,Компьютер и программы
2017-11-24 20:22:00,-2130.0,Еда
2017-11-24 20:45:00,-1615.0,Обучение
2017-11-24 21:46:00,-10000.0,Подарки
2017-11-25 12:26:00,-782.0,Комплектующие
2017-11-25 14:25:00,-5462.0,Компьютер и программы
2017-11-25 17:36:00,-8200.0,Спорт
2017-11-25 19:09:00,-3427.0,Одежда и обувь
2017-11-25 19:32:00,-1159.0,Еда
2017-11-25 20:31:00,-1300.0,Одежда и обувь
2017-11-25 21:21:00,-655.0,Дом
2017-11-25 21:21:00,-1200.0,Дом
2017-11-27 00:06:00,-265.0,Транспорт
2017-11-27 00:06:00,-11040.0,Спорт
2017-11-27 00:06:00,-2700.0,Спорт
2017-11-27 00:35:00,-233.0,Транспорт
2017-11-27 16:25:00,-6280.0,Путешествия
2017-11-27 19:14:00,-2377.0,Еда
2017-11-28 11:26:00,-831.0,Дом
2017-11-28 16:46:00,-1692.0,Еда
2017-11-29 17:14:00,-279.0,Транспорт
2017-11-29 17:14:00,-2600.0,Спорт
2017-11-29 17:14:00,-288.0,Транспорт
2017-11-30 00:35:00,-650.0,Развлечения
2017-11-30 20:19:00,-270.0,Еда
2017-11-30 20:19:00,-557.0,Еда
2017-12-01 15:29:00,-773.0,Еда
2017-12-02 13:39:00,-658.0,Транспорт
2017-12-02 17:17:00,-2513.0,Обучение
2017-12-03 13:59:00,-3000.0,Путешествия
2017-12-03 18:37:00,-3645.0,Еда
2017-12-04 17:19:00,-261.0,Транспорт
2017-12-04 17:19:00,-2800.0,Спорт
2017-12-04 17:19:00,-267.0,Транспорт
2017-12-04 23:46:00,-2885.0,Обучение
2017-12-05 17:51:00,-220.0,Еда
2017-12-05 21:59:00,23173.0,Доходы
2017-12-06 01:22:00,-28704.0,Комплектующие
2017-12-06 16:39:00,-230.0,Еда
2017-12-06 19:26:00,518.0,Доходы
2017-12-06 19:26:00,2904.0,Доходы
2017-12-06 19:26:00,11093.0,Доходы
2017-12-06 19:26:00,13009.0,Доходы
2017-12-06 19:26:00,12733.0,Доходы
2017-12-06 19:26:00,70638.0,Доходы
2017-12-06 19:26:00,-788.0,Еда
2017-12-07 14:48:00,-180.0,Еда
2017-12-08 13:28:00,2559.0,Доходы
2017-12-08 20:01:00,1500.0,Доходы
2017-12-09 00:09:00,-200.0,Еда
2017-12-09 17:58:00,-3700.0,Дом
2017-12-09 19:08:00,-285.0,Еда
2017-12-11 01:21:00,-189.0,Обучение
2017-12-11 19:37:00,-560.0,Еда
2017-12-11 19:37:00,-290.0,Здоровье
2017-12-12 01:21:00,-1900.0,Еда
2017-12-12 14:15:00,12500.0,Доходы
2017-12-12 20:28:00,-1099.0,Обучение
2017-12-12 20:28:00,-500.0,Транспорт
2017-12-13 16:38:00,-70000.0,Дом
2017-12-13 16:38:00,-17500.0,Дом
2017-12-13 17:24:00,-588.0,Еда
2017-12-13 17:24:00,-178.0,Еда
2017-12-13 18:17:00,-1950.0,Украшения
2017-12-14 13:23:00,1700.0,Доходы
2017-12-14 20:45:00,-500.0,Еда
2017-12-15 19:40:00,-265.0,Дом
2017-12-15 19:40:00,-780.0,Еда
2017-12-16 14:59:00,-610.0,Еда
2017-12-16 16:49:00,-1000.0,Интернет и телефон
2017-12-17 16:49:00,-1600.0,Еда
2017-12-18 15:07:00,-7350.0,Подарки
2017-12-18 15:07:00,-1500.0,Комплектующие
2017-12-18 16:51:00,236.0,Доходы
2017-12-18 16:51:00,1698.0,Доходы
2017-12-19 12:04:00,-2150.0,Еда
2017-12-19 20:22:00,-1170.0,Еда
2017-12-20 23:16:00,5000.0,Доходы
2017-12-22 16:45:00,-578.0,Еда
2017-12-22 22:55:00,-493.0,Еда
2017-12-22 22:55:00,-12000.0,Подарки
2017-12-23 02:40:00,-1000.0,Дом
2017-12-23 19:39:00,12500.0,Доходы
2017-12-24 19:39:00,-4831.0,Дом
2017-12-24 19:39:00,-2631.0,Еда
2017-12-24 20:45:00,-30327.0,Комплектующие
2017-12-25 14:08:00,70269.0,Доходы
2017-12-25 14:08:00,8700.0,Доходы
2017-12-25 14:08:00,10540.0,Доходы
2017-12-25 14:08:00,-1260.0,Дом
2017-12-25 15:16:00,13000.0,Доходы
2017-12-25 18:09:00,-537.0,Еда
2017-12-25 18:09:00,-760.0,Дом
2017-12-26 17:51:00,-730.0,Еда
2017-12-26 21:46:00,3173.0,Доходы
2017-12-26 21:46:00,40318.0,Доходы
2017-12-27 11:25:00,1600.0,Доходы
2017-12-27 15:36:00,-300.0,Еда
2017-12-28 01:36:00,-700.0,Подарки
2017-12-28 01:36:00,-215.0,Еда
2017-12-28 23:12:00,-375.0,Еда
2017-12-29 12:21:00,-14700.0,Комплектующие
2017-12-29 12:48:00,1500.0,Доходы
2017-12-29 21:18:00,1000.0,Доходы
2017-12-29 21:18:00,1000.0,Доходы
2017-12-30 14:12:00,-635.0,Транспорт
2017-12-30 14:12:00,-754.0,Транспорт
2017-12-30 16:47:00,-494.0,Транспорт
2017-12-30 17:59:00,-1117.0,Красота и здоровье
2017-12-30 18:22:00,-2600.0,Подарки
2017-12-31 17:46:00,-523.0,Еда
2017-12-31 17:46:00,-705.0,Еда
2017-12-31 17:46:00,-731.0,Еда
2017-12-31 17:46:00,-219.0,Еда
2017-12-31 17:46:00,-281.0,Комплектующие
2018-01-01 19:26:00,-5090.0,Развлечения
2018-01-01 19:26:00,-1376.0,Еда
2018-01-02 15:09:00,-365.0,Транспорт
2018-01-04 12:01:00,-11012.0,Комплектующие
2018-01-04 14:25:00,-900.0,Дом
2018-01-04 14:25:00,-2885.0,Обучение
2018-01-04 17:47:00,-1162.0,Еда
2018-01-05 18:41:00,-9999.0,Одежда и обувь
2018-01-05 20:23:00,-7250.0,Дом
2018-01-07 00:35:00,-736.0,Комплектующие
2018-01-07 22:48:00,-2712.0,Еда
2018-01-08 22:44:00,-1465.0,Еда
2018-01-09 22:55:00,-755.0,Еда
2018-01-10 13:48:00,-3700.0,Комплектующие
2018-01-10 15:37:00,-1000.0,Интернет и телефон
2018-01-10 17:33:00,-13830.0,Комплектующие
2018-01-10 22:31:00,-1765.0,Транспорт
2018-01-11 17:04:00,-285.0,Еда
2018-01-11 17:04:00,-900.0,Развлечения
2018-01-11 17:04:00,-1585.0,Еда
2018-01-12 14:46:00,17500.0,Доходы
2018-01-13 10:50:00,-592.0,Еда
2018-01-13 11:14:00,-937.0,Еда
2018-01-13 14:35:00,-395.0,Транспорт
2018-01-13 15:52:00,-7435.0,Дом
2018-01-13 16:08:00,-401.0,Транспорт
2018-01-14 15:17:00,-35000.0,Дом
2018-01-14 15:17:00,-2800.0,Дом
2018-01-15 00:44:00,-1400.0,Дом
2018-01-15 00:44:00,-1400.0,Комплектующие
2018-01-15 15:23:00,-2830.0,Еда
2018-01-16 00:44:00,-8760.0,Дом
2018-01-17 13:44:00,-1200.0,Дом
2018-01-17 13:44:00,-2500.0,Спорт
2018-01-17 18:05:00,-516.0,Еда
2018-01-18 17:36:00,295.0,Доходы
2018-01-18 17:36:00,2219.0,Доходы
2018-01-18 20:01:00,-350.0,Еда
2018-01-19 18:39:00,-1423.0,Еда
2018-01-21 21:04:00,-2369.0,Еда
2018-01-22 17:24:00,-320.0,Транспорт
2018-01-22 17:24:00,-310.0,Транспорт
2018-01-22 17:24:00,-1000.0,Спорт
2018-01-23 18:58:00,1490.0,Доходы
2018-01-23 18:58:00,370.0,Доходы
2018-01-24 14:47:00,-963.0,Комплектующие
2018-01-24 19:42:00,-2135.0,Еда
2018-01-25 10:33:00,10000.0,Доходы
2018-01-25 15:56:00,-320.0,Транспорт
2018-01-25 15:56:00,-312.0,Транспорт
2018-01-25 15:56:00,-400.0,Спорт
2018-01-25 15:56:00,12750.0,Доходы
2018-01-26 19:10:00,-578.0,Еда
2018-01-26 21:00:00,-22500.0,Спорт
2018-01-26 21:55:00,-1700.0,Обучение
2018-01-27 02:11:00,-5000.0,Спорт
2018-01-27 02:11:00,-3000.0,Красота и здоровье
2018-01-27 16:42:00,-579.0,Путешествия
2018-01-27 18:01:00,-99.0,Транспорт
2018-01-27 18:01:00,-853.0,Транспорт
2018-01-28 13:50:00,-1980.0,Еда
2018-01-28 18:01:00,-760.0,Путешествия
2018-01-28 18:01:00,-956.0,Путешествия
2018-01-28 20:22:00,-750.0,Спорт
2018-01-29 09:18:00,-976.0,Путешествия
2018-01-29 09:18:00,-1215.0,Путешествия
2018-01-29 09:18:00,-423.0,Путешествия
2018-01-30 09:40:00,-760.0,Путешествия
2018-01-30 16:24:00,-1000.0,Путешествия
2018-01-30 16:43:00,-770.0,Путешествия
2018-01-31 11:21:00,-760.0,Путешествия
2018-01-31 11:21:00,-500.0,Путешествия
2018-01-31 15:40:00,-592.0,Путешествия
2018-01-31 15:40:00,-400.0,Путешествия
2018-01-31 15:40:00,-200.0,Путешествия
2018-01-31 15:40:00,-350.0,Путешествия
2018-02-01 10:28:00,-760.0,Путешествия
2018-02-01 19:24:00,-960.0,Путешествия
2018-02-01 19:24:00,-864.0,Путешествия
2018-02-02 18:19:00,3173.0,Доходы
2018-02-02 19:29:00,-860.0,Путешествия
2018-02-02 19:29:00,-500.0,Путешествия
2018-02-02 21:47:00,-798.0,Путешествия
2018-02-03 02:03:00,-837.0,Путешествия
2018-02-03 23:51:00,-1340.0,Еда
2018-02-04 15:12:00,-2800.0,Обучение
2018-02-04 15:12:00,-5370.0,Красота и здоровье
2018-02-04 15:12:00,-464.0,Еда
2018-02-04 23:40:00,-1583.0,Еда
2018-02-07 19:39:00,-390.0,Еда
2018-02-07 20:50:00,-170.0,Еда
2018-02-07 21:06:00,-3100.0,Еда
2018-02-08 10:52:00,733.0,Доходы
2018-02-08 23:47:00,-500.0,Еда
2018-02-08 23:47:00,-1741.0,Компьютер и программы
2018-02-09 14:11:00,-1720.0,Компьютер и программы
2018-02-09 20:33:00,20324.0,Доходы
2018-02-09 20:33:00,559.0,Доходы
2018-02-09 20:33:00,70250.0,Доходы
2018-02-09 20:33:00,1986.0,Доходы
2018-02-11 09:43:00,-280.0,Комплектующие
2018-02-11 14:22:00,-670.0,Дом
2018-02-11 14:22:00,-575.0,Дом
2018-02-11 14:34:00,-2153.0,Дом
2018-02-12 17:13:00,-349.0,Транспорт
2018-02-12 17:13:00,-330.0,Транспорт
2018-02-12 17:13:00,-700.0,Спорт
2018-02-12 17:54:00,-1131.0,Комплектующие
2018-02-12 17:54:00,-632.0,Еда
2018-02-12 21:43:00,-2000.0,Еда
2018-02-12 22:06:00,-1311.0,Еда
2018-02-13 19:50:00,-1765.0,Транспорт
2018-02-13 21:43:00,-35000.0,Дом
2018-02-13 21:43:00,-4540.0,Дом
2018-02-14 22:54:00,-13632.0,Спорт
2018-02-14 22:54:00,-255.0,Еда
2018-02-14 22:54:00,-2895.0,Еда
2018-02-14 22:54:00,-592.0,Еда
2018-02-15 10:15:00,-1670.0,Комплектующие
2018-02-15 15:55:00,-492.0,Еда
2018-02-15 15:55:00,-9500.0,Спорт
2018-02-15 20:22:00,17500.0,Доходы
2018-02-16 13:53:00,-355.0,Транспорт
2018-02-16 17:40:00,-1000.0,Спорт
2018-02-16 21:58:00,-510.0,Транспорт
2018-02-16 22:42:00,-1270.0,Еда
2018-02-16 22:42:00,-750.0,Еда
2018-02-17 22:02:00,282.0,Доходы
2018-02-18 16:42:00,841.0,Доходы
2018-02-19 10:23:00,-1000.0,Интернет и телефон
2018-02-19 15:51:00,-1500.0,Еда
2018-02-19 15:51:00,-1078.0,Еда
2018-02-20 16:37:00,2960.0,Доходы
2018-02-21 12:42:00,740.0,Доходы
2018-02-21 20:34:00,-551.0,Красота и здоровье
2018-02-21 21:07:00,-670.0,Еда
2018-02-21 21:07:00,13695.0,Доходы
2018-02-22 12:16:00,10000.0,Доходы
2018-02-23 22:51:00,-79.0,Еда
2018-02-23 22:51:00,-3786.0,Еда
2018-02-23 22:51:00,-1383.0,Еда
2018-02-25 12:43:00,-100.0,Компьютер и программы
2018-02-25 12:43:00,-149.0,Компьютер и программы
2018-02-25 14:00:00,1700.0,Доходы
2018-02-25 14:00:00,119.0,Доходы
2018-02-25 14:20:00,-1500.0,Одежда и обувь
2018-02-25 14:20:00,-200.0,Обучение
2018-02-25 15:08:00,-1061.0,Обучение
2018-02-25 15:21:00,-285.0,Еда
2018-02-25 15:21:00,-70.0,Еда
2018-02-26 00:01:00,-130.0,Компьютер и программы
2018-02-26 17:08:00,-307.0,Транспорт
2018-02-26 17:08:00,-340.0,Транспорт
2018-02-26 17:08:00,-2000.0,Спорт
2018-02-27 00:01:00,-23300.0,Спорт
2018-02-27 23:04:00,-3100.0,Еда
2018-02-27 23:04:00,-1000.0,Подарки
2018-03-01 21:07:00,-7900.0,Спорт
2018-03-01 21:07:00,-515.0,Еда
2018-03-02 16:01:00,-326.0,Транспорт
2018-03-02 16:01:00,-372.0,Транспорт
2018-03-02 16:22:00,-2703.0,Еда
2018-03-04 16:22:00,-2660.0,Еда
2018-03-05 17:06:00,-900.0,Подарки
2018-03-05 20:52:00,-1500.0,Подарки
2018-03-05 20:52:00,-830.0,Подарки
2018-03-05 20:52:00,-1150.0,Подарки
2018-03-05 20:52:00,-450.0,Еда
2018-03-05 20:52:00,23173.0,Доходы
2018-03-06 13:27:00,-260.0,Еда
2018-03-06 13:27:00,-1000.0,Подарки
2018-03-07 09:23:00,-378.0,Транспорт
2018-03-07 09:23:00,-489.0,Транспорт
2018-03-07 09:23:00,-1000.0,Спорт
2018-03-07 09:49:00,-1600.0,Еда
2018-03-08 09:23:00,3018.0,Доходы
2018-03-08 09:23:00,65739.0,Доходы
2018-03-08 10:30:00,-4000.0,Еда
2018-03-08 13:01:00,-350.0,Транспорт
2018-03-08 14:33:00,-500.0,Транспорт
2018-03-08 14:33:00,-5000.0,Спорт
2018-03-08 14:33:00,-5000.0,Подарки
2018-03-08 14:59:00,-518.0,Еда
2018-03-08 14:59:00,-185.0,Еда
2018-03-08 16:15:00,-1340.0,Хобби
2018-03-09 16:20:00,-302.0,Транспорт
2018-03-09 16:20:00,-307.0,Транспорт
2018-03-09 16:20:00,-500.0,Спорт
2018-03-10 22:02:00,-620.0,Транспорт
2018-03-10 22:02:00,-300.0,Еда
2018-03-10 22:02:00,-1320.0,Развлечения
2018-03-10 22:02:00,-2300.0,Подарки
2018-03-12 17:25:00,8000.0,Доходы
2018-03-12 17:55:00,-330.0,Транспорт
2018-03-12 17:55:00,-320.0,Транспорт
2018-03-13 00:20:00,17500.0,Доходы
2018-03-13 21:56:00,-35000.0,Дом
2018-03-14 11:59:00,-5390.0,Дом
2018-03-16 00:00:00,-5450.0,Еда
2018-03-16 00:00:00,-2660.0,Дом
2018-03-16 12:23:00,-50.0,Еда
2018-03-16 14:32:00,-6000.0,Путешествия
2018-03-16 21:06:00,-1765.0,Транспорт
2018-03-17 15:23:00,-250.0,Еда
2018-03-18 17:13:00,275.0,Доходы
2018-03-18 17:13:00,428.0,Доходы
2018-03-18 17:13:00,-504.0,Еда
2018-03-18 23:26:00,-290.0,Хобби
2018-03-20 16:37:00,-300.0,Еда
2018-03-21 16:22:00,-606.0,Транспорт
2018-03-22 15:38:00,-360.0,Еда
2018-03-22 16:43:00,590.0,Доходы
2018-03-23 13:22:00,29000.0,Доходы
2018-03-23 15:38:00,-1908.0,Еда
2018-03-23 15:53:00,10000.0,Доходы
2018-03-25 13:49:00,-500.0,Интернет и телефон
2018-03-25 17:33:00,2149.0,Доходы
2018-03-26 11:21:00,15000.0,Доходы
2018-03-27 13:48:00,-1800.0,Автомобиль
2018-03-27 13:48:00,-600.0,Еда
2018-03-28 00:01:00,-874.0,Компьютер и программы
2018-03-29 13:48:00,-300.0,Спорт
2018-03-29 14:21:00,-1000.0,Хобби
2018-03-29 16:54:00,-179.0,Еда
2018-03-29 16:54:00,-384.0,Еда
2018-03-30 09:33:00,300.0,Доходы
2018-03-30 19:42:00,-5000.0,Подарки
2018-04-01 15:08:00,-700.0,Обучение
2018-04-01 15:08:00,-4345.0,Еда
2018-04-02 17:04:00,-1720.0,Еда
2018-04-04 12:19:00,53831.0,Доходы
2018-04-04 21:04:00,-1450.0,Еда
2018-04-05 18:32:00,3100.0,Доходы
2018-04-06 14:39:00,39391.0,Доходы
2018-04-06 22:48:00,-490.0,Еда
2018-04-06 22:48:00,-550.0,Еда
2018-04-07 22:26:00,-3084.0,Еда
2018-04-08 18:58:00,-20000.0,Комплектующие
2018-04-08 21:02:00,-700.0,Обучение
2018-04-08 21:02:00,-500.0,Дом
2018-04-09 15:26:00,-285.0,Еда
2018-04-09 23:47:00,-43000.0,Компьютер и программы
2018-04-10 00:13:00,-643.0,Компьютер и программы
2018-04-10 13:59:00,72000.0,Доходы
2018-04-12 18:49:00,17500.0,Доходы
2018-04-13 15:01:00,-490.0,Еда
2018-04-13 15:01:00,-159.0,Еда
2018-04-13 20:00:00,-1000.0,Хобби
2018-04-13 20:00:00,-6300.0,Спорт
2018-04-13 22:23:00,-1900.0,Еда
2018-04-13 22:23:00,-35000.0,Дом
2018-04-13 22:23:00,-5300.0,Дом
2018-04-16 12:00:00,-758.0,Транспорт
2018-04-16 12:00:00,-1400.0,Подарки
2018-04-16 15:55:00,-700.0,Транспорт
2018-04-17 16:15:00,-520.0,Еда
2018-04-17 16:15:00,-159.0,Еда
2018-04-17 17:00:00,-176.0,Хобби
2018-04-17 17:56:00,-62140.0,Компьютер и программы
2018-04-17 18:10:00,-250.0,Хобби
2018-04-17 20:45:00,-750.0,Еда
2018-04-17 20:45:00,-2115.0,Еда
2018-04-18 15:43:00,-1760.0,Транспорт
2018-04-18 17:09:00,-360.0,Еда
2018-04-18 20:42:00,345.0,Доходы
2018-04-18 20:42:00,-750.0,Еда
2018-04-18 21:06:00,-20000.0,Подарки
2018-04-19 14:25:00,-210.0,Еда
2018-04-19 14:25:00,-1000.0,Еда
2018-04-20 17:19:00,630.0,Доходы
2018-04-20 17:40:00,-1500.0,Подарки
2018-04-20 21:33:00,-270.0,Транспорт
2018-04-20 21:33:00,-270.0,Транспорт
2018-04-20 23:47:00,-900.0,Хобби
2018-04-21 12:36:00,-1300.0,Комплектующие
2018-04-21 12:36:00,-400.0,Еда
2018-04-21 14:28:00,-206.0,Хобби
2018-04-21 17:13:00,-450.0,Хобби
2018-04-22 13:05:00,-100.0,Транспорт
2018-04-23 15:27:00,-500.0,Развлечения
2018-04-23 17:24:00,2530.0,Доходы
2018-04-23 19:37:00,-750.0,Еда
2018-04-24 17:20:00,10000.0,Доходы
2018-04-24 18:32:00,-1200.0,Хобби
2018-04-24 22:29:00,-2060.0,Еда
2018-04-24 22:29:00,-735.0,Еда
2018-04-25 16:55:00,-1000.0,Интернет и телефон
2018-04-25 17:46:00,-210.0,Еда
2018-04-25 18:50:00,-2239.0,Еда
2018-04-26 17:33:00,1500.0,Доходы
2018-04-26 17:33:00,-1500.0,Обучение
2018-04-27 18:25:00,-2811.0,Дом
2018-04-27 22:22:00,-724.0,Компьютер и программы
2018-04-28 13:50:00,-1000.0,Интернет и телефон
2018-04-29 14:50:00,-2527.0,Еда
2018-04-30 22:11:00,-2615.0,Еда
2018-04-30 22:11:00,-200.0,Еда
2018-05-01 13:24:00,1200.0,Доходы
2018-05-01 21:53:00,-1600.0,Дом
2018-05-01 21:53:00,-2000.0,Еда
2018-05-01 21:53:00,-1200.0,Дом
2018-05-03 15:34:00,-1086.0,Хобби
2018-05-03 16:35:00,-374.0,Еда
2018-05-07 18:04:00,-2532.0,Еда
2018-05-08 09:22:00,118825.0,Доходы
2018-05-08 09:22:00,3100.0,Доходы
2018-05-08 09:22:00,10137.0,Доходы
2018-05-08 09:40:00,43500.0,Доходы
2018-05-09 19:27:00,-400.0,Интернет и телефон
2018-05-10 14:57:00,-1161.0,Интернет и телефон
2018-05-11 09:33:00,17500.0,Доходы
2018-05-11 09:33:00,28475.0,Доходы
2018-05-12 15:40:00,-13100.0,Дом
2018-05-12 17:52:00,-4000.0,Еда
2018-05-12 17:52:00,-2700.0,Дом
2018-05-13 10:47:00,-35000.0,Дом
2018-05-13 10:47:00,-5610.0,Дом
2018-05-13 14:44:00,-1570.0,Еда
2018-05-15 20:45:00,-2400.0,Подарки
2018-05-17 11:32:00,-1765.0,Транспорт
2018-05-17 19:22:00,-34329.0,Путешествия
2018-05-17 20:48:00,-1000.0,Хобби
2018-05-18 16:34:00,-116.0,Транспорт
2018-05-18 16:34:00,-560.0,Еда
2018-05-19 21:27:00,-1700.0,Еда
2018-05-19 21:27:00,-700.0,Хобби
2018-05-20 22:24:00,-2260.0,Еда
2018-05-21 14:33:00,-200.0,Путешествия
2018-05-21 14:33:00,-3621.0,Путешествия
2018-05-21 15:44:00,-629.0,Еда
2018-05-22 20:52:00,520.0,Доходы
2018-05-22 20:52:00,2090.0,Доходы
2018-05-23 15:07:00,-3621.0,Путешествия
2018-05-23 15:07:00,-200.0,Путешествия
2018-05-23 15:07:00,-700.0,Путешествия
2018-05-23 15:07:00,16500.0,Доходы
2018-05-23 21:23:00,-840.0,Еда
2018-05-23 21:23:00,-800.0,Обучение
2018-05-24 12:22:00,10000.0,Доходы
2018-05-24 12:22:00,1500.0,Доходы
2018-05-24 16:47:00,-1523.0,Еда
2018-05-24 16:47:00,-750.0,Еда
2018-05-25 09:57:00,-151.0,Транспорт
2018-05-25 17:30:00,-635.0,Еда
2018-05-25 17:30:00,-8500.0,Путешествия
2018-05-25 20:02:00,-500.0,Еда
2018-05-25 20:02:00,-800.0,Красота и здоровье
2018-05-25 20:02:00,-1500.0,Одежда и обувь
2018-05-26 14:18:00,-2234.0,Дом
2018-05-26 15:07:00,-2800.0,Еда
2018-05-27 14:45:00,-170.0,Еда
2018-05-27 14:45:00,-18250.0,Подарки
2018-05-27 16:15:00,-500.0,Хобби
2018-05-29 21:49:00,-500.0,Еда
2018-05-30 16:14:00,-500.0,Путешествия
2018-05-30 20:32:00,-5000.0,Одежда и обувь
2018-05-30 20:32:00,-2334.0,Еда
2018-06-01 22:21:00,-2300.0,Еда
2018-06-02 18:45:00,-1700.0,Хобби
2018-06-03 22:56:00,-555.0,Еда
2018-06-05 23:26:00,23000.0,Доходы
2018-06-06 14:54:00,-556.0,Еда
2018-06-06 17:04:00,-400.0,Развлечения
2018-06-06 17:14:00,-1765.0,Транспорт
2018-06-06 19:54:00,-1446.0,Еда
2018-06-06 21:41:00,42553.0,Доходы
2018-06-07 12:39:00,627.0,Доходы
2018-06-07 14:23:00,18270.0,Доходы
2018-06-08 12:34:00,-81.0,Красота и здоровье
2018-06-09 15:32:00,-700.0,Еда
2018-06-09 15:32:00,28914.0,Доходы
2018-06-09 17:52:00,-10702.0,Компьютер и программы
2018-06-09 18:21:00,-1400.0,Одежда и обувь
2018-06-09 18:21:00,-2680.0,Одежда и обувь
2018-06-09 20:30:00,-700.0,Еда
2018-06-10 17:27:00,-1070.0,Хобби
2018-06-10 17:50:00,-1600.0,Подарки
2018-06-10 17:50:00,-650.0,Хобби
2018-06-10 19:21:00,-3000.0,Одежда и обувь
2018-06-10 19:59:00,1019.0,Доходы
2018-06-10 20:33:00,-483.0,Хобби
2018-06-12 20:38:00,-530.0,Еда
2018-06-12 21:00:00,-1600.0,Еда
2018-06-13 10:35:00,-2900.0,Одежда и обувь
2018-06-13 12:26:00,-35000.0,Дом
2018-06-13 12:26:00,-6220.0,Дом
2018-06-14 12:49:00,17500.0,Доходы
2018-06-14 22:14:00,-2224.0,Еда
2018-06-15 21:25:00,-700.0,Еда
2018-06-16 16:05:00,-635.0,Еда
2018-06-16 19:54:00,-6890.0,Хобби
2018-06-17 12:13:00,-1200.0,Красота и здоровье
2018-06-17 12:13:00,-800.0,Еда
2018-06-17 12:13:00,-4500.0,Хобби
2018-06-18 15:34:00,255.0,Доходы
2018-06-18 15:34:00,966.0,Доходы
2018-06-19 09:26:00,12150.0,Доходы
2018-06-21 22:58:00,1391.0,Доходы
2018-06-22 19:48:00,19753.0,Доходы
2018-06-22 19:48:00,2620.0,Доходы
2018-06-22 19:48:00,90753.0,Доходы
2018-06-23 00:00:00,-37400.0,Путешествия
2018-06-24 23:36:00,-649.0,Путешествия
2018-06-24 23:36:00,-1555.0,Еда
2018-06-24 23:36:00,-1041.0,Еда
2018-06-25 12:16:00,11573.0,Доходы
2018-06-25 20:27:00,12540.0,Доходы
2018-06-26 12:11:00,-600.0,Одежда и обувь
2018-06-26 20:39:00,-1000.0,Еда
2018-06-28 15:08:00,-244.0,Транспорт
2018-06-28 19:51:00,-551.0,Еда
2018-06-28 19:51:00,-700.0,Еда
2018-06-29 13:55:00,-288.0,Еда
2018-07-01 22:36:00,-4690.0,Еда
2018-07-02 14:02:00,-5000.0,Подарки
2018-07-02 19:05:00,-740.0,Еда
2018-07-02 19:05:00,-2346.0,Обучение
2018-07-02 19:05:00,-250.0,Еда
2018-07-03 18:14:00,-695.0,Еда
2018-07-03 19:01:00,-500.0,Хобби
2018-07-04 18:06:00,-530.0,Хобби
2018-07-04 18:06:00,-1670.0,Дом
2018-07-05 14:12:00,-1000.0,Интернет и телефон
2018-07-05 15:03:00,7000.0,Доходы
2018-07-05 16:22:00,23173.0,Доходы
2018-07-05 17:20:00,-439.0,Еда
2018-07-05 21:25:00,-1549.0,Еда
2018-07-05 21:30:00,38261.0,Доходы
2018-07-05 21:30:00,852.0,Доходы
2018-07-07 12:09:00,-21000.0,Подарки
2018-07-07 14:33:00,-1390.0,Компьютер и программы
2018-07-08 23:00:00,-2163.0,Еда
2018-07-08 23:00:00,-690.0,Еда
2018-07-08 23:00:00,-200.0,Еда
2018-07-09 20:53:00,41412.0,Доходы
2018-07-09 20:53:00,-3076.0,Еда
2018-07-10 16:53:00,-1300.0,Еда
2018-07-10 16:53:00,-986.0,Хобби
2018-07-10 17:01:00,986.0,Доходы
2018-07-10 19:28:00,-1214.0,Дом
2018-07-11 17:54:00,-2390.0,Дом
2018-07-11 18:58:00,-500.0,Еда
2018-07-11 18:58:00,-1500.0,Еда
2018-07-11 22:39:00,-700.0,Еда
2018-07-12 14:39:00,-634.0,Подарки
2018-07-12 15:32:00,17500.0,Доходы
2018-07-12 22:31:00,-1682.0,Еда
2018-07-13 16:58:00,-864.0,Еда
2018-07-13 20:12:00,-541.0,Еда
2018-07-13 20:12:00,-35000.0,Дом
2018-07-13 20:12:00,-6080.0,Дом
2018-07-14 21:21:00,-1000.0,Дом
2018-07-15 01:30:00,-2000.0,Обучение
2018-07-16 10:05:00,-1286.0,Еда
2018-07-17 10:05:00,-3258.0,Еда
2018-07-18 19:44:00,308.0,Доходы
2018-07-18 19:44:00,888.0,Доходы
2018-07-20 19:43:00,-3500.0,Одежда и обувь
2018-07-20 19:43:00,-20000.0,Подарки
2018-07-20 22:28:00,-4400.0,Дом
2018-07-20 22:28:00,-447.0,Еда
2018-07-21 22:12:00,-1864.0,Еда
2018-07-22 19:48:00,-546.0,Еда
2018-07-23 15:41:00,-12870.0,Дом
2018-07-25 11:48:00,3807.0,Доходы
2018-07-26 20:48:00,-547.0,Еда
2018-07-26 21:11:00,-660.0,Хобби
2018-07-26 21:20:00,-1765.0,Транспорт
2018-07-27 17:37:00,-240.0,Еда
2018-07-27 21:25:00,-386.0,Обучение
2018-07-27 21:25:00,-345.0,Обучение
2018-07-27 21:25:00,-329.0,Дом
2018-07-27 21:25:00,-329.0,Дом
2018-07-27 21:25:00,-1198.0,Еда
2018-07-27 21:25:00,-1276.0,Еда
2018-07-29 22:48:00,-565.0,Еда
2018-07-29 22:48:00,-649.0,Еда
2018-07-29 22:48:00,-1146.0,Еда
2018-08-01 13:39:00,-32000.0,Путешествия
2018-08-01 13:39:00,13173.0,Доходы
2018-08-01 17:58:00,-3512.0,Еда
2018-08-02 01:16:00,-638.0,Подарки
2018-08-03 10:30:00,-2256.0,Компьютер и программы
2018-08-03 13:39:00,44000.0,Доходы
2018-08-03 16:36:00,-492.0,Еда
2018-08-04 10:40:00,-3000.0,Путешествия
2018-08-04 12:30:00,-767.0,Путешествия
2018-08-04 14:54:00,-700.0,Еда
2018-08-04 14:54:00,-700.0,Здоровье
2018-08-04 19:40:00,-47000.0,Путешествия
2018-08-10 09:55:00,9844.0,Доходы
2018-08-13 10:42:00,-35000.0,Дом
2018-08-13 10:42:00,-7025.0,Дом
2018-08-13 12:10:00,17500.0,Доходы
2018-08-14 15:13:00,-632.0,Путешествия
2018-08-14 22:15:00,-50000.0,Путешествия
2018-08-15 15:02:00,-363.0,Транспорт
2018-08-16 15:27:00,-1497.0,Еда
2018-08-18 12:23:00,1258.0,Доходы
2018-08-18 12:23:00,373.0,Доходы
2018-08-18 12:23:00,-3558.0,Подарки
2018-08-18 12:23:00,1019.0,Доходы
2018-08-18 12:23:00,-1500.0,Интернет и телефон
2018-08-18 14:16:00,-675.0,Еда
2018-08-18 15:24:00,-10776.0,Спорт
2018-08-18 15:24:00,-870.0,Хобби
2018-08-18 15:24:00,-227.0,Транспорт
2018-08-18 15:24:00,-1765.0,Транспорт
2018-08-18 15:24:00,-10500.0,Спорт
2018-08-18 16:29:00,-1683.0,Еда
2018-08-18 21:45:00,-1769.0,Еда
2018-08-19 10:21:00,-558.0,Спорт
2018-08-19 17:14:00,-13600.0,Спорт
2018-08-19 17:25:00,-372.0,Еда
2018-08-19 19:14:00,-1945.0,Хобби
2018-08-20 22:43:00,3160.0,Доходы
2018-08-22 13:34:00,-954.0,Спорт
2018-08-22 16:03:00,-2737.0,Еда
2018-08-23 17:16:00,-1690.0,Комплектующие
2018-08-24 17:16:00,-6668.0,Еда
2018-08-25 17:01:00,289.0,Доходы
2018-08-25 17:01:00,255.0,Доходы
2018-08-26 18:12:00,-1671.0,Еда
2018-08-26 21:04:00,-2192.0,Красота и здоровье
2018-08-26 21:04:00,-1500.0,Здоровье
2018-08-27 10:11:00,-15700.0,Дом
2018-08-29 15:09:00,-1498.0,Еда
2018-08-29 21:37:00,-4600.0,Одежда и обувь
2018-08-30 16:21:00,-520.0,Еда
2018-08-30 20:12:00,-1200.0,Еда
2018-09-03 12:17:00,-690.0,Хобби
2018-09-04 14:20:00,34329.0,Доходы
2018-09-04 14:20:00,55345.0,Доходы
2018-09-04 14:20:00,23517.0,Доходы
2018-09-04 18:53:00,-3472.0,Еда
2018-09-05 15:12:00,33173.0,Доходы
2018-09-05 15:37:00,-25000.0,Подарки
2018-09-07 18:41:00,-590.0,Еда
2018-09-07 18:41:00,1147.0,Доходы
2018-09-07 18:41:00,6320.0,Доходы
2018-09-08 11:26:00,-700.0,Развлечения
2018-09-08 16:51:00,-1050.0,Хобби
2018-09-08 17:58:00,-1117.0,Комплектующие
2018-09-08 19:04:00,-460.0,Еда
2018-09-09 12:09:00,-1765.0,Транспорт
2018-09-09 12:35:00,-1786.0,Дом
2018-09-09 13:28:00,-5786.0,Еда
2018-09-09 13:28:00,-1000.0,Интернет и телефон
2018-09-10 09:23:00,1019.0,Доходы
2018-09-10 20:56:00,36231.0,Доходы
2018-09-11 18:32:00,-2000.0,Обучение
2018-09-12 13:34:00,17500.0,Доходы
2018-09-12 16:43:00,-234.0,Еда
2018-09-12 22:10:00,-300.0,Еда
2018-09-13 12:38:00,-35000.0,Дом
2018-09-13 12:38:00,-6425.0,Дом
2018-09-13 17:19:00,-2373.0,Еда
2018-09-13 22:10:00,-316.0,Еда
2018-09-18 16:44:00,313.0,Доходы
2018-09-18 16:44:00,1119.0,Доходы
2018-09-18 20:09:00,-2669.0,Еда
2018-09-19 17:48:00,-553.0,Еда
2018-09-20 14:03:00,-557.0,Еда
2018-09-20 17:22:00,-1000.0,Хобби
2018-09-20 17:22:00,-1700.0,Транспорт
2018-09-21 19:06:00,-557.0,Еда
2018-09-21 19:06:00,1320.0,Доходы
2018-09-21 19:06:00,1980.0,Доходы
2018-09-22 11:14:00,-150.0,Еда
2018-09-23 11:14:00,-940.0,Хобби
2018-09-24 17:41:00,-2220.0,Еда
2018-09-25 07:47:00,26100.0,Доходы
2018-09-25 08:53:00,-200.0,Транспорт
2018-09-26 12:10:00,-10782.0,Комплектующие
2018-09-26 12:59:00,-323.0,Еда
2018-09-27 11:54:00,-1000.0,Подарки
2018-09-29 12:26:00,-5550.0,Еда
2018-09-29 17:41:00,-20000.0,Спорт
2018-09-29 18:36:00,-2500.0,Хобби
2018-09-30 13:00:00,-240.0,Подарки
2018-09-30 13:00:00,-2149.0,Подарки
2018-10-01 14:16:00,-557.0,Еда
2018-10-01 15:51:00,-2500.0,Хобби
2018-10-01 17:55:00,-8670.0,Комплектующие
2018-10-01 22:04:00,-669.0,Подарки
2018-10-02 08:38:00,-260.0,Еда
2018-10-03 13:03:00,-1765.0,Транспорт
2018-10-03 13:33:00,-790.0,Дом
2018-10-04 12:33:00,2611.0,Доходы
2018-10-05 16:07:00,52027.0,Доходы
2018-10-05 18:25:00,-1922.0,Еда
2018-10-06 13:03:00,23173.0,Доходы
2018-10-06 19:35:00,-1000.0,Еда
2018-10-06 20:02:00,-370.0,Еда
2018-10-06 21:45:00,-600.0,Развлечения
2018-10-07 12:19:00,-557.0,Еда
2018-10-08 19:13:00,-2053.0,Еда
2018-10-09 08:38:00,-982.0,Еда
2018-10-09 08:38:00,-260.0,Еда
2018-10-09 19:31:00,17489.0,Доходы
2018-10-10 09:12:00,986.0,Доходы
2018-10-10 09:12:00,26100.0,Доходы
2018-10-10 09:32:00,26100.0,Доходы
2018-10-11 08:38:00,-894.0,Еда
2018-10-11 15:34:00,-2000.0,Обучение
2018-10-11 15:34:00,-1100.0,Хобби
2018-10-11 15:34:00,-560.0,Хобби
2018-10-11 15:34:00,-1765.0,Транспорт
2018-10-11 15:34:00,-557.0,Еда
2018-10-12 09:03:00,278.0,Доходы
2018-10-12 14:41:00,1831.0,Доходы
2018-10-12 20:20:00,-530.0,Еда
2018-10-12 21:01:00,17500.0,Доходы
2018-10-13 11:22:00,-35000.0,Дом
2018-10-13 11:22:00,-4500.0,Дом
2018-10-13 13:25:00,-4116.0,Еда
2018-10-13 17:22:00,-800.0,Подарки
2018-10-13 19:37:00,-2830.0,Еда
2018-10-14 18:49:00,-1511.0,Еда
2018-10-15 23:23:00,-540.0,Красота и здоровье
2018-10-18 14:14:00,300.0,Доходы
2018-10-18 14:14:00,400.0,Доходы
2018-10-18 20:30:00,-1690.0,Еда
2018-10-19 19:31:00,-785.0,Еда
2018-10-20 13:15:00,-400.0,Красота и здоровье
2018-10-20 16:56:00,-5030.0,Комплектующие
2018-10-20 16:56:00,-1063.0,Еда
2018-10-20 21:47:00,-300.0,Еда
2018-10-20 21:47:00,-500.0,Развлечения
2018-10-21 21:36:00,-433.0,Еда
2018-10-22 15:36:00,-557.0,Еда
2018-10-22 15:56:00,-440.0,Еда
2018-10-22 17:56:00,-393.0,Еда
2018-10-23 09:56:00,-500.0,Хобби
2018-10-23 14:39:00,2520.0,Доходы
2018-10-23 14:39:00,630.0,Доходы
2018-10-23 17:13:00,-1765.0,Транспорт
2018-10-23 18:48:00,-475.0,Еда
2018-10-23 23:13:00,-1300.0,Хобби
2018-10-23 23:13:00,-400.0,Хобби
2018-10-25 17:46:00,-4200.0,Подарки
2018-10-25 17:46:00,26100.0,Доходы
2018-10-25 17:46:00,-5500.0,Подарки
2018-10-25 17:46:00,-6000.0,Одежда и обувь
2018-10-25 17:46:00,13050.0,Доходы
2018-10-26 15:01:00,-840.0,Спорт
2018-10-26 19:48:00,-644.0,Еда
2018-10-26 22:59:00,-1524.0,Еда
2018-10-26 22:59:00,-31.0,Еда
2018-10-30 16:32:00,90.0,Доходы
2018-10-31 19:14:00,-4800.0,Украшения
2018-10-31 19:14:00,-3500.0,Красота и здоровье
2018-10-31 19:59:00,-620.0,Еда
2018-10-31 22:07:00,-1334.0,Еда
2018-11-01 20:24:00,-1317.0,Еда
2018-11-01 20:24:00,-1247.0,Еда
2018-11-01 23:34:00,-250.0,Еда
2018-11-01 23:34:00,-670.0,Подарки
2018-11-02 15:18:00,50000.0,Доходы
2018-11-02 18:56:00,-683.0,Еда
2018-11-03 18:36:00,-2310.0,Еда
2018-11-03 18:36:00,-1000.0,Хобби
2018-11-05 16:09:00,-25000.0,Подарки
2018-11-06 16:09:00,-500.0,Еда
2018-11-07 16:26:00,-525.0,Спорт
2018-11-07 20:31:00,-2642.0,Еда
2018-11-08 17:45:00,-15640.0,Подарки
2018-11-09 13:11:00,-760.0,Развлечения
2018-11-09 18:47:00,-665.0,Еда
2018-11-10 08:38:00,36872.0,Доходы
2018-11-10 08:38:00,517.0,Доходы
2018-11-10 08:38:00,40020.0,Доходы
2018-11-10 12:05:00,1019.0,Доходы
2018-11-10 13:11:00,-2150.0,Еда
2018-11-10 18:15:00,-500.0,Еда
2018-11-10 18:15:00,13050.0,Доходы
2018-11-10 18:37:00,-8630.0,Дом
2018-11-11 17:37:00,-2811.0,Еда
2018-11-12 09:08:00,289.0,Доходы
2018-11-12 09:08:00,-1445.0,Комплектующие
2018-11-12 19:42:00,-786.0,Еда
2018-11-12 20:39:00,-6770.0,Одежда и обувь
2018-11-12 20:39:00,-1850.0,Одежда и обувь
2018-11-12 20:39:00,-850.0,Еда
2018-11-13 00:15:00,-35000.0,Дом
2018-11-13 00:15:00,-4600.0,Дом
2018-11-13 11:55:00,17500.0,Доходы
2018-11-13 13:30:00,-300.0,Транспорт
2018-11-13 21:32:00,-2760.0,Одежда и обувь
2018-11-13 21:32:00,-728.0,Еда
2018-11-15 20:39:00,-576.0,Еда
2018-11-15 21:31:00,-900.0,Красота и здоровье
2018-11-16 20:04:00,-1000.0,Обучение
2018-11-16 20:04:00,600.0,Доходы
2018-11-18 10:17:00,400.0,Доходы
2018-11-18 10:17:00,879.0,Доходы
2018-11-18 10:17:00,-1000.0,Интернет и телефон
2018-11-18 17:45:00,-1140.0,Транспорт
2018-11-18 17:45:00,-3000.0,Развлечения
2018-11-18 17:58:00,-130.0,Хобби
2018-11-21 16:35:00,-750.0,Транспорт
2018-11-21 18:08:00,-576.0,Еда
2018-11-21 18:08:00,-6123.0,Одежда и обувь
2018-11-22 20:26:00,-1023.0,Еда
2018-11-22 20:26:00,-1329.0,Еда
2018-11-22 20:26:00,-1199.0,Подарки
2018-11-23 00:01:00,13050.0,Доходы
2018-11-23 12:14:00,7700.0,Доходы
2018-11-23 12:14:00,29580.0,Доходы
2018-11-23 12:14:00,2200.0,Доходы
2018-11-23 12:14:00,940.0,Доходы
2018-11-23 13:02:00,-1800.0,Подарки
2018-11-23 13:02:00,-1800.0,Хобби
2018-11-23 13:02:00,-1900.0,Хобби
2018-11-24 13:29:00,-427.0,Еда
2018-11-25 12:31:00,-1300.0,Еда
2018-11-25 12:31:00,-1000.0,Еда
2018-11-26 18:35:00,-492.0,Комплектующие
2018-11-26 18:35:00,-650.0,Развлечения
2018-11-26 18:35:00,-1300.0,Хобби
2018-11-26 18:35:00,-1129.0,Еда
2018-11-26 18:35:00,-1504.0,Еда
2018-11-28 00:25:00,-1770.0,Еда
2018-11-28 01:08:00,108.0,Доходы
2018-11-28 15:44:00,-332.0,Еда
2018-11-28 19:21:00,-4130.0,Одежда и обувь
2018-11-29 15:44:00,-364.0,Еда
2018-12-01 13:22:00,-367.0,Еда
2018-12-01 17:42:00,-700.0,Еда
2018-12-01 22:03:00,-2465.0,Еда
2018-12-03 13:09:00,-536.0,Еда
2018-12-03 14:19:00,-1200.0,Еда
2018-12-03 14:19:00,-600.0,Еда
2018-12-03 14:43:00,-1600.0,Развлечения
2018-12-03 14:43:00,-168.0,Еда
2018-12-04 15:43:00,-260.0,Еда
2018-12-04 15:43:00,-220.0,Еда
2018-12-04 21:45:00,-603.0,Еда
2018-12-05 14:07:00,-456.0,Еда
2018-12-05 17:27:00,22870.0,Доходы
2018-12-05 19:11:00,-1850.0,Еда
2018-12-07 09:05:00,29580.0,Доходы
2018-12-07 19:11:00,13050.0,Доходы
2018-12-08 17:05:00,-452.0,Еда
2018-12-08 17:05:00,-549.0,Еда
2018-12-08 18:03:00,-2390.0,Дом
2018-12-08 19:08:00,-277.0,Еда
2018-12-10 13:06:00,-1765.0,Транспорт
2018-12-10 13:49:00,-6000.0,Одежда и обувь
2018-12-10 15:07:00,-586.0,Еда
2018-12-10 16:39:00,5131.0,Доходы
2018-12-10 16:39:00,1817.0,Доходы
2018-12-10 19:44:00,-1620.0,Развлечения
2018-12-10 19:44:00,-1778.0,Еда
2018-12-11 16:02:00,-260.0,Еда
2018-12-11 16:02:00,-260.0,Еда
2018-12-11 21:00:00,-743.0,Еда
2018-12-12 20:56:00,-265.0,Еда
2018-12-13 10:31:00,-195.0,Еда
2018-12-13 10:31:00,-250.0,Еда
2018-12-13 10:44:00,-200.0,Еда
2018-12-13 14:50:00,-35000.0,Дом
2018-12-14 16:11:00,-663.0,Еда
2018-12-14 16:11:00,-70.0,Еда
2018-12-14 21:25:00,-1200.0,Еда
2018-12-14 21:25:00,-1450.0,Еда
2018-12-16 14:44:00,-712.0,Еда
2018-12-16 14:44:00,-1585.0,Еда
2018-12-16 14:44:00,-2300.0,Дом
2018-12-17 09:13:00,17500.0,Доходы
2018-12-17 15:24:00,-352.0,Еда
2018-12-17 17:53:00,-2000.0,Одежда и обувь
2018-12-17 17:53:00,-500.0,Развлечения
2018-12-17 17:53:00,-700.0,Хобби
2018-12-17 17:53:00,-270.0,Еда
2018-12-18 18:34:00,-479.0,Еда
2018-12-18 18:34:00,-345.0,Еда
2018-12-18 18:34:00,-1400.0,Еда
2018-12-18 19:13:00,405.0,Доходы
2018-12-18 19:13:00,705.0,Доходы
2018-12-19 20:45:00,-364.0,Еда
2018-12-19 20:45:00,-420.0,Еда
2018-12-19 20:45:00,-364.0,Еда
2018-12-21 11:20:00,-1700.0,Хобби
2018-12-21 21:57:00,-748.0,Еда
2018-12-21 22:58:00,7724.0,Доходы
2018-12-21 22:58:00,26100.0,Доходы
2018-12-21 22:58:00,17400.0,Доходы
2018-12-21 22:58:00,59160.0,Доходы
2018-12-22 14:36:00,-660.0,Развлечения
2018-12-22 14:36:00,-400.0,Дом
2018-12-23 15:26:00,-935.0,Транспорт
2018-12-23 18:42:00,-1000.0,Одежда и обувь
2018-12-23 18:59:00,-300.0,Красота и здоровье
2018-12-23 20:00:00,-1549.0,Еда
2018-12-23 20:00:00,-1910.0,Еда
2018-12-23 20:00:00,-390.0,Еда
2018-12-24 16:56:00,-332.0,Еда
2018-12-24 21:42:00,-364.0,Еда
2018-12-24 21:42:00,-300.0,Хобби
2018-12-24 21:42:00,-300.0,Обучение
2018-12-24 21:42:00,-100.0,Еда
2018-12-24 21:42:00,-12939.0,Подарки
2018-12-24 21:42:00,-884.0,Еда
2018-12-26 21:20:00,-240.0,Еда
2018-12-26 23:28:00,-1300.0,Подарки
2018-12-26 23:28:00,-200.0,Еда
2018-12-27 12:23:00,23173.0,Доходы
2018-12-27 12:23:00,4591.0,Доходы
2018-12-27 12:23:00,14197.0,Доходы
2018-12-27 16:13:00,2000.0,Подарки
2018-12-27 16:26:00,-395.0,Еда
2018-12-27 16:57:00,-2504.0,Еда
2018-12-28 15:53:00,-2990.0,Подарки
2018-12-28 16:31:00,-553.0,Еда
2018-12-31 12:59:00,-600.0,Еда
2018-12-31 12:59:00,-600.0,Спорт
2019-01-01 12:59:00,-600.0,Развлечения
2019-01-01 18:37:00,-1765.0,Транспорт
2019-01-01 19:31:00,-315.0,Еда
2019-01-01 19:31:00,-6200.0,Развлечения
2019-01-02 01:36:00,-690.0,Подарки
2019-01-02 11:07:00,-99.0,Транспорт
2019-01-02 11:07:00,-537.0,Транспорт
2019-01-02 11:07:00,-184.0,Транспорт
2019-01-03 13:58:00,-490.0,Еда
2019-01-04 13:58:00,-184.0,Транспорт
2019-01-04 19:23:00,8000.0,Доходы
2019-01-04 19:23:00,-500.0,Транспорт
2019-01-04 19:23:00,-350.0,Транспорт
2019-01-04 19:23:00,-570.0,Транспорт
2019-01-05 21:07:00,-730.0,Еда
2019-01-06 16:01:00,-13800.0,Комплектующие
2019-01-06 16:01:00,-1490.0,Комплектующие
2019-01-07 00:16:00,-2370.0,Еда
2019-01-07 19:43:00,-620.0,Еда
2019-01-07 19:43:00,-1600.0,Красота и здоровье
2019-01-11 12:22:00,17500.0,Доходы
2019-01-12 17:35:00,-315.0,Еда
2019-01-13 22:01:00,-1252.0,Еда
2019-01-13 22:01:00,-35000.0,Дом
2019-01-13 22:01:00,-3850.0,Дом
2019-01-14 10:21:00,-143.0,Транспорт
2019-01-14 16:57:00,-2000.0,Доходы
2019-01-14 17:19:00,-620.0,Еда
2019-01-15 17:16:00,-345.0,Еда
2019-01-15 17:16:00,-3400.0,Комплектующие
2019-01-17 21:24:00,-1500.0,Еда
2019-01-17 21:24:00,-620.0,Еда
2019-01-18 16:56:00,679.0,Доходы
2019-01-18 16:56:00,297.0,Доходы
2019-01-18 16:56:00,664.0,Доходы
2019-01-19 16:37:00,-345.0,Транспорт
2019-01-19 17:31:00,-500.0,Еда
2019-01-19 18:09:00,-324.0,Транспорт
2019-01-21 20:06:00,-1080.0,Еда
2019-01-21 20:06:00,-1000.0,Еда
2019-01-21 20:06:00,-500.0,Еда
2019-01-22 19:19:00,-3340.0,Еда
2019-01-22 20:28:00,-840.0,Дом
2019-01-23 00:26:00,-300.0,Транспорт
2019-01-23 00:26:00,-2000.0,Красота и здоровье
2019-01-23 15:08:00,-552.0,Еда
2019-01-24 09:45:00,1940.0,Доходы
2019-01-24 15:35:00,-467.0,Еда
2019-01-24 15:35:00,15000.0,Доходы
2019-01-25 10:54:00,7700.0,Доходы
2019-01-25 11:37:00,-285.0,Еда
2019-01-25 11:37:00,29580.0,Доходы
2019-01-25 17:05:00,-2100.0,Еда
2019-01-25 17:05:00,-450.0,Еда
2019-01-26 13:49:00,-1000.0,Интернет и телефон
2019-01-28 15:37:00,-677.0,Еда
2019-01-28 16:13:00,-1807.0,Еда
2019-01-30 17:13:00,-350.0,Еда
2019-01-30 22:01:00,-685.0,Еда
2019-01-31 20:39:00,-1079.0,Еда
2019-01-31 20:39:00,-885.0,Еда
2019-01-31 22:05:00,-215.0,Транспорт
2019-02-01 23:26:00,-410.0,Еда
2019-02-02 09:07:00,-301.0,Транспорт
2019-02-02 16:43:00,-300.0,Интернет и телефон
2019-02-02 16:43:00,-670.0,Интернет и телефон
2019-02-02 17:23:00,-643.0,Еда
2019-02-02 17:23:00,-360.0,Еда
2019-02-03 13:49:00,-300.0,Транспорт
2019-02-03 17:43:00,-780.0,Транспорт
2019-02-03 17:43:00,-1200.0,Транспорт
2019-02-04 09:49:00,-500.0,Интернет и телефон
2019-02-04 15:50:00,-607.0,Еда
2019-02-05 19:18:00,-659.0,Еда
2019-02-05 22:13:00,-378.0,Еда
2019-02-06 20:34:00,-1400.0,Еда
2019-02-06 20:34:00,-300.0,Еда
2019-02-06 20:34:00,-900.0,Еда
2019-02-07 12:45:00,-1900.0,Транспорт
2019-02-07 16:40:00,11100.0,Доходы
2019-02-08 11:09:00,-620.0,Еда
2019-02-08 11:09:00,-615.0,Красота и здоровье
2019-02-08 17:56:00,30450.0,Доходы
2019-02-09 10:00:00,-1300.0,Транспорт
2019-02-09 10:41:00,29580.0,Доходы
2019-02-10 12:16:00,5979.0,Доходы
2019-02-11 12:02:00,3799.0,Доходы
2019-02-11 12:02:00,-480.0,Еда
2019-02-12 12:55:00,17500.0,Доходы
2019-02-12 16:25:00,-270.0,Еда
2019-02-12 16:25:00,-600.0,Подарки
2019-02-12 16:25:00,-10170.0,Комплектующие
2019-02-12 16:40:00,-820.0,Комплектующие
2019-02-12 22:33:00,-300.0,Еда
2019-02-13 12:17:00,-35000.0,Дом
2019-02-13 12:17:00,-4500.0,Дом
2019-02-13 18:06:00,-545.0,Еда
2019-02-13 19:05:00,-1000.0,Еда
2019-02-13 19:05:00,-604.0,Еда
2019-02-14 18:49:00,-1300.0,Хобби
2019-02-14 19:50:00,-343.0,Еда
2019-02-15 17:14:00,-466.0,Еда
2019-02-16 14:22:00,-2191.0,Еда
2019-02-16 17:01:00,-150.0,Еда
2019-02-17 19:51:00,4000.0,Доходы
2019-02-17 21:42:00,-800.0,Еда
2019-02-17 21:42:00,-200.0,Еда
2019-02-17 21:45:00,-300.0,Хобби
2019-02-18 16:32:00,-545.0,Еда
2019-02-19 06:45:00,491.0,Доходы
2019-02-19 06:45:00,473.0,Доходы
2019-02-21 09:04:00,2630.0,Доходы
2019-02-21 09:04:00,530.0,Доходы
2019-02-21 11:50:00,-400.0,Транспорт
2019-02-22 18:19:00,15000.0,Доходы
2019-02-22 22:34:00,-644.0,Транспорт
2019-02-23 17:08:00,-800.0,Еда
2019-02-23 17:08:00,-3500.0,Еда
2019-02-23 17:43:00,-374.0,Еда
2019-02-23 17:43:00,-450.0,Еда
2019-02-23 19:21:00,-979.0,Еда
2019-02-24 19:52:00,-6300.0,Подарки
2019-02-25 11:20:00,30000.0,Доходы
2019-02-26 09:55:00,-2000.0,Одежда и обувь
2019-02-26 16:41:00,-322.0,Еда
2019-02-27 10:54:00,7700.0,Доходы
2019-02-27 15:57:00,-323.0,Еда
2019-02-27 17:35:00,-450.0,Еда
2019-02-27 17:35:00,-1379.0,Еда
2019-02-27 18:41:00,-6900.0,Комплектующие
2019-02-27 22:50:00,-2900.0,Обучение
2019-02-28 20:07:00,-695.0,Еда
2019-03-01 14:02:00,-231.0,Еда
2019-03-01 22:11:00,-670.0,Хобби
2019-03-01 22:11:00,-250.0,Хобби
2019-03-02 07:54:00,-500.0,Интернет и телефон
2019-03-02 18:19:00,-240.0,Транспорт
2019-03-02 18:19:00,-350.0,Еда
2019-03-02 18:19:00,-750.0,Хобби
2019-03-02 19:23:00,-1560.0,Еда
2019-03-02 19:23:00,-1640.0,Еда
2019-03-03 18:27:00,-2186.0,Еда
2019-03-03 18:27:00,4000.0,Доходы
2019-03-05 21:00:00,-5000.0,Украшения
2019-03-05 21:00:00,-259.0,Еда
2019-03-05 21:32:00,-645.0,Еда
2019-03-06 14:55:00,-1282.0,Еда
2019-03-06 17:12:00,-791.0,Еда
2019-03-06 22:00:00,-179.0,Компьютер и программы
2019-03-07 10:48:00,10266.0,Доходы
2019-03-07 10:48:00,30450.0,Доходы
2019-03-07 10:48:00,11100.0,Доходы
2019-03-09 13:08:00,-600.0,Еда
2019-03-09 13:08:00,-750.0,Хобби
2019-03-09 15:50:00,-1900.0,Транспорт
2019-03-09 15:50:00,10266.0,Доходы
2019-03-09 15:50:00,29160.0,Доходы
2019-03-09 15:50:00,22177.0,Доходы
2019-03-09 15:50:00,2150.0,Доходы
2019-03-09 17:50:00,-392.0,Еда
2019-03-09 17:50:00,-80.0,Еда
2019-03-09 17:50:00,-130.0,Еда
2019-03-09 18:38:00,-140.0,Еда
2019-03-09 18:38:00,-776.0,Еда
2019-03-10 00:07:00,-2833.0,Еда
2019-03-10 17:00:00,3500.0,Доходы
2019-03-10 17:00:00,-450.0,Подарки
2019-03-10 17:00:00,-1000.0,Красота и здоровье
2019-03-12 09:01:00,266.0,Доходы
2019-03-12 14:26:00,17500.0,Доходы
2019-03-12 17:28:00,-1949.0,Еда
2019-03-13 12:00:00,-1250.0,Комплектующие
2019-03-13 19:58:00,-35000.0,Дом
2019-03-13 19:58:00,-3720.0,Дом
2019-03-14 16:54:00,-280.0,Еда
2019-03-15 16:54:00,-429.0,Еда
2019-03-15 18:59:00,-960.0,Еда
2019-03-15 18:59:00,-2170.0,Еда
2019-03-16 16:57:00,-450.0,Обучение
2019-03-16 16:57:00,-540.0,Одежда и обувь
2019-03-18 13:05:00,-1390.0,Еда
2019-03-18 13:05:00,-420.0,Еда
2019-03-18 20:31:00,325.0,Доходы
2019-03-18 20:31:00,705.0,Доходы
2019-03-18 22:21:00,-1472.0,Еда
2019-03-21 21:12:00,-1750.0,Еда
2019-03-21 21:12:00,-800.0,Еда
2019-03-23 18:19:00,-1100.0,Хобби
2019-03-23 19:58:00,15000.0,Доходы
2019-03-23 19:58:00,29580.0,Доходы
2019-03-23 19:58:00,660.0,Доходы
2019-03-23 19:58:00,2640.0,Доходы
2019-03-25 16:06:00,-500.0,Интернет и телефон
2019-03-26 18:45:00,-1778.0,Еда
2019-03-26 23:24:00,2700.0,Обучение
2019-03-27 11:11:00,7700.0,Доходы
2019-03-27 14:41:00,-619.0,Еда
2019-03-27 14:41:00,-619.0,Еда
2019-03-27 14:41:00,-1238.0,Еда
2019-03-28 15:56:00,3000.0,Доходы
2019-03-28 16:31:00,-388.0,Еда
2019-03-28 16:31:00,-120.0,Еда
2019-03-28 22:49:00,-400.0,Красота и здоровье
2019-03-29 07:56:00,-760.0,Еда
2019-03-29 07:56:00,-821.0,Транспорт
2019-03-29 07:56:00,-3000.0,Интернет и телефон
2019-04-02 14:27:00,-670.0,Подарки
2019-04-02 14:27:00,-300.0,Интернет и телефон
2019-04-02 19:19:00,-700.0,Комплектующие
2019-04-08 10:17:00,-125000.0,Путешествия
2019-04-08 22:58:00,-718.0,Транспорт
2019-04-09 13:56:00,1950.0,Доходы
2019-04-09 13:56:00,44000.0,Доходы
2019-04-10 10:17:00,10266.0,Доходы
2019-04-10 10:17:00,29580.0,Доходы
2019-04-10 12:55:00,10266.0,Доходы
2019-04-10 12:55:00,30450.0,Доходы
2019-04-10 12:55:00,11100.0,Доходы
2019-04-10 19:03:00,-1200.0,Еда
2019-04-10 19:03:00,-1360.0,Еда
2019-04-11 11:05:00,7700.0,Доходы
2019-04-11 14:48:00,-445.0,Еда
2019-04-11 20:29:00,17500.0,Доходы
2019-04-12 15:23:00,-690.0,Еда
2019-04-12 20:24:00,-913.0,Еда
2019-04-12 23:38:00,-200.0,Обучение
2019-04-12 23:51:00,-200.0,Обучение
2019-04-13 18:33:00,-642.0,Еда
2019-04-13 18:33:00,-659.0,Еда
2019-04-13 18:33:00,-855.0,Еда
2019-04-13 18:56:00,-868.0,Еда
2019-04-13 18:58:00,-35000.0,Дом
2019-04-14 12:04:00,-400.0,Транспорт
2019-04-15 13:52:00,-1400.0,Подарки
2019-04-15 13:52:00,-1386.0,Еда
2019-04-15 19:15:00,-215.0,Еда
2019-04-15 19:15:00,-799.0,Еда
2019-04-16 13:52:00,-1900.0,Транспорт
2019-04-16 13:52:00,-408.0,Еда
2019-04-16 13:52:00,-80.0,Еда
2019-04-16 19:36:00,3000.0,Доходы
2019-04-16 22:31:00,-3100.0,Обучение
2019-04-16 22:31:00,-2700.0,Еда
2019-04-18 20:40:00,-890.0,Еда
2019-04-18 20:40:00,-720.0,Еда
2019-04-19 12:52:00,-690.0,Еда
2019-04-19 12:52:00,-3000.0,Дом
2019-04-19 20:12:00,-400.0,Еда
2019-04-19 20:12:00,-790.0,Хобби
2019-04-20 11:22:00,-17000.0,Комплектующие
2019-04-21 21:51:00,-935.0,Еда
2019-04-22 11:03:00,2640.0,Доходы
2019-04-22 11:03:00,660.0,Доходы
2019-04-22 17:46:00,-600.0,Еда
2019-04-22 17:46:00,-1500.0,Еда
2019-04-22 18:20:00,-161.0,Еда
2019-04-22 20:55:00,-882.0,Еда
2019-04-23 19:31:00,-965.0,Еда
2019-04-24 20:48:00,-834.0,Еда
2019-04-24 22:24:00,29580.0,Доходы
2019-04-25 09:58:00,-1200.0,Еда
2019-04-25 09:58:00,-500.0,Еда
2019-04-25 15:11:00,7724.0,Доходы
2019-04-25 15:11:00,13050.0,Доходы
2019-04-25 15:45:00,-1850.0,Еда
2019-04-26 02:00:00,-1000.0,Интернет и телефон
2019-04-26 16:02:00,-388.0,Еда
2019-04-26 16:02:00,-80.0,Еда
2019-04-26 16:02:00,-271.0,Еда
2019-04-27 01:58:00,-448.0,Красота и здоровье
2019-04-30 18:11:00,3000.0,Доходы
2019-05-01 11:50:00,-1965.0,Транспорт
2019-05-01 12:12:00,-659.0,Подарки
2019-05-01 12:21:00,-260.0,Транспорт
2019-05-01 13:25:00,-250.0,Еда
2019-05-01 13:25:00,-4897.0,Комплектующие
2019-05-01 15:54:00,-842.0,Еда
2019-05-04 22:27:00,-400.0,Еда
2019-05-04 22:27:00,-500.0,Транспорт
2019-05-05 13:50:00,-7000.0,Дом
2019-05-05 14:33:00,-12374.0,Одежда и обувь
2019-05-06 20:21:00,-1008.0,Еда
2019-05-06 20:21:00,-1200.0,Еда
2019-05-06 20:21:00,-180.0,Транспорт
2019-05-06 20:41:00,-200.0,Развлечения
2019-05-06 22:03:00,-590.0,Обучение
2019-05-07 12:11:00,23333.0,Доходы
2019-05-07 12:11:00,1951.0,Доходы
2019-05-07 12:46:00,-576.0,Еда
2019-05-08 11:17:00,54000.0,Доходы
2019-05-08 19:07:00,10266.0,Доходы
2019-05-08 19:07:00,29580.0,Доходы
2019-05-09 17:46:00,-1943.0,Еда
2019-05-09 17:46:00,-335.0,Транспорт
2019-05-09 22:28:00,-704.0,Еда
2019-05-11 19:58:00,900.0,Доходы
2019-05-11 20:42:00,-1305.0,Хобби
2019-05-11 22:07:00,-1587.0,Еда
2019-05-11 22:07:00,-439.0,Еда
2019-05-13 11:37:00,-35000.0,Дом
2019-05-13 11:37:00,-3940.0,Дом
2019-05-13 17:00:00,17500.0,Доходы
2019-05-13 18:18:00,-6000.0,Спорт
2019-05-13 18:18:00,-1000.0,Интернет и телефон
2019-05-13 19:11:00,-1100.0,Еда
2019-05-13 19:11:00,-1400.0,Еда
2019-05-16 15:50:00,-403.0,Еда
2019-05-16 22:33:00,-200.0,Красота и здоровье
2019-05-16 22:41:00,-1900.0,Транспорт
2019-05-17 16:21:00,-221.0,Еда
2019-05-17 16:21:00,-221.0,Еда
2019-05-18 18:32:00,221.0,Доходы
2019-05-18 18:32:00,1036.0,Доходы
2019-05-20 19:17:00,-950.0,Еда
2019-05-20 20:08:00,-679.0,Еда
2019-05-20 20:08:00,-679.0,Еда
2019-05-20 20:08:00,-599.0,Еда
2019-05-20 20:08:00,-1061.0,Еда
2019-05-20 20:08:00,-6000.0,Комплектующие
2019-05-20 20:43:00,-915.0,Красота и здоровье
2019-05-20 20:43:00,-10000.0,Подарки
2019-05-21 14:31:00,-660.0,Еда
2019-05-21 19:30:00,3000.0,Доходы
2019-05-21 20:32:00,-524.0,Еда
2019-05-21 20:32:00,-545.0,Еда
2019-05-22 14:22:00,-520.0,Еда
2019-05-22 19:51:00,-566.0,Еда
2019-05-22 19:51:00,-700.0,Еда
2019-05-23 13:30:00,3370.0,Путешествия
2019-05-23 13:30:00,7700.0,Доходы
2019-05-23 13:30:00,15000.0,Доходы
2019-05-24 14:58:00,30000.0,Доходы
2019-05-24 14:58:00,440.0,Доходы
2019-05-24 14:58:00,1760.0,Доходы
2019-05-24 20:01:00,-1516.0,Еда
2019-05-25 19:04:00,-2029.0,Дом
2019-05-26 20:06:00,-699.0,Еда
2019-05-26 20:06:00,-679.0,Еда
2019-05-26 20:06:00,-591.0,Еда
2019-05-26 20:06:00,-599.0,Еда
2019-05-26 20:06:00,-849.0,Еда
2019-05-26 20:06:00,-899.0,Еда
2019-05-26 20:06:00,-679.0,Еда
2019-05-26 20:06:00,-427.0,Еда
2019-05-26 21:29:00,-3052.0,Еда
2019-05-27 14:43:00,-459.0,Еда
2019-05-27 22:19:00,-642.0,Транспорт
2019-05-28 09:06:00,-151.0,Транспорт
2019-05-28 17:12:00,-560.0,Еда
2019-05-28 17:50:00,-991.0,Хобби
2019-05-29 17:09:00,-680.0,Еда
2019-05-30 16:42:00,-114.0,Транспорт
2019-05-30 20:40:00,-1920.0,Еда
2019-05-31 14:59:00,16147.0,Доходы
2019-05-31 17:37:00,-2983.0,Подарки
2019-05-31 18:16:00,-7000.0,Обучение
2019-05-31 18:44:00,-4200.0,Хобби
2019-06-01 18:16:00,-8000.0,Обучение
2019-06-02 13:59:00,-900.0,Компьютер и программы
2019-06-02 18:19:00,-501.0,Еда
2019-06-03 12:52:00,11228.0,Доходы
2019-06-03 20:07:00,-438.0,Хобби
2019-06-03 20:07:00,-2940.0,Еда
2019-06-03 21:13:00,-4247.0,Комплектующие
2019-06-05 17:59:00,-877.0,Еда
2019-06-05 20:54:00,-1135.0,Еда
2019-06-06 13:20:00,-633.0,Транспорт
2019-06-06 13:20:00,2831.0,Доходы
2019-06-06 13:20:00,20251.0,Доходы
2019-06-06 20:52:00,-358.0,Еда
2019-06-06 20:52:00,-89.0,Еда
2019-06-06 21:44:00,43000.0,Доходы
2019-06-07 15:20:00,29160.0,Доходы
2019-06-07 15:20:00,10266.0,Доходы
2019-06-08 19:27:00,-900.0,Красота и здоровье
2019-06-08 19:27:00,-7000.0,Одежда и обувь
2019-06-08 19:27:00,-350.0,Еда
2019-06-08 19:27:00,-900.0,Дом
2019-06-08 19:27:00,-900.0,Дом
2019-06-08 21:07:00,-2600.0,Одежда и обувь
2019-06-08 21:07:00,-950.0,Еда
2019-06-08 21:07:00,-90.0,Еда
2019-06-10 14:19:00,-200.0,Еда
2019-06-10 14:19:00,-290.0,Еда
2019-06-10 14:19:00,-146.0,Транспорт
2019-06-10 20:40:00,-713.0,Еда
2019-06-11 13:48:00,-280.0,Еда
2019-06-11 17:50:00,-1900.0,Еда
2019-06-11 17:50:00,-550.0,Подарки
2019-06-11 17:50:00,-700.0,Еда
2019-06-11 22:45:00,17500.0,Доходы
2019-06-12 15:24:00,-5000.0,Еда
2019-06-12 22:06:00,-3461.0,Еда
2019-06-13 07:48:00,11000.0,Доходы
2019-06-13 07:48:00,30450.0,Доходы
2019-06-13 07:48:00,10266.0,Доходы
2019-06-13 13:04:00,-361.0,Транспорт
2019-06-13 13:04:00,-354.0,Транспорт
2019-06-13 13:04:00,-1335.0,Еда
2019-06-13 15:03:00,-35000.0,Дом
2019-06-13 15:03:00,-4240.0,Дом
2019-06-13 18:52:00,-448.0,Еда
2019-06-13 19:30:00,-1900.0,Транспорт
2019-06-14 10:04:00,-965.0,Еда
2019-06-14 18:06:00,8988.0,Доходы
2019-06-15 11:55:00,-1200.0,Еда
2019-06-15 22:27:00,-1000.0,Еда
2019-06-15 22:27:00,-1300.0,Подарки
2019-06-15 22:27:00,-600.0,Транспорт
2019-06-15 22:27:00,-600.0,Транспорт
2019-06-17 10:36:00,-8500.0,Комплектующие
2019-06-17 10:36:00,-6900.0,Комплектующие
2019-06-17 10:36:00,1000.0,Доходы
2019-06-17 13:06:00,24000.0,Доходы
2019-06-17 19:13:00,-1200.0,Еда
2019-06-17 19:13:00,-400.0,Еда
2019-06-18 18:13:00,309.0,Доходы
2019-06-18 18:13:00,1165.0,Доходы
2019-06-18 19:13:00,-440.0,Еда
2019-06-18 19:13:00,-125.0,Еда
2019-06-18 20:00:00,-850.0,Еда
2019-06-18 20:00:00,-1250.0,Еда
2019-06-19 18:30:00,-90.0,Еда
2019-06-20 07:54:00,-500.0,Подарки
2019-06-20 07:54:00,-757.0,Комплектующие
2019-06-20 18:19:00,2500.0,Доходы
2019-06-20 18:19:00,2925.0,Доходы
2019-06-20 18:19:00,620.0,Доходы
2019-06-20 18:19:00,14233.0,Доходы
2019-06-21 14:05:00,-427.0,Еда
2019-06-22 10:12:00,7555.0,Доходы
2019-06-22 10:12:00,112981.0,Доходы
2019-06-22 10:12:00,3201.0,Доходы
2019-06-22 10:12:00,49884.0,Доходы
2019-06-22 10:12:00,7848.0,Доходы
2019-06-22 10:12:00,34918.0,Доходы
2019-06-22 20:26:00,-750.0,Еда
2019-06-22 20:26:00,-2000.0,Одежда и обувь
2019-06-22 20:26:00,-1050.0,Еда
2019-06-22 21:10:00,-388.0,Еда
2019-06-22 22:43:00,-2200.0,Дом
2019-06-23 20:41:00,-1673.0,Красота и здоровье
2019-06-23 23:31:00,-12800.0,Дом
2019-06-24 21:26:00,-800.0,Еда
2019-06-25 16:35:00,-965.0,Еда
2019-06-25 16:41:00,-285.0,Еда
2019-06-25 19:19:00,-1500.0,Хобби
2019-06-25 20:51:00,832.0,Доходы
2019-06-25 20:51:00,4411.0,Доходы
2019-06-26 19:03:00,-259.0,Еда
2019-06-27 18:38:00,-394.0,Еда
2019-06-27 20:02:00,7724.0,Доходы
2019-06-28 18:14:00,-428.0,Еда
2019-06-28 18:14:00,-400.0,Еда
2019-06-28 19:07:00,-670.0,Подарки
2019-06-28 19:07:00,-800.0,Транспорт
2019-06-30 08:17:00,-11420.0,Путешествия
2019-06-30 13:41:00,11300.0,Доходы
2019-06-30 18:03:00,-800.0,Хобби
2019-06-30 22:53:00,-2000.0,Еда
2019-07-01 08:17:00,-2800.0,Развлечения
2019-07-01 18:13:00,-259.0,Еда
2019-07-01 19:54:00,18437.0,Доходы
2019-07-02 01:53:00,-500.0,Интернет и телефон
2019-07-02 14:56:00,-500.0,Еда
2019-07-02 14:56:00,-300.0,Интернет и телефон
2019-07-02 18:47:00,-259.0,Еда
2019-07-03 07:27:00,-519.0,Еда
2019-07-04 18:07:00,-504.0,Еда
2019-07-06 22:54:00,3553.0,Доходы
2019-07-06 22:54:00,17956.0,Доходы
2019-07-07 19:30:00,-473.0,Хобби
2019-07-07 19:30:00,-504.0,Еда
2019-07-07 20:01:00,-3900.0,Еда
2019-07-07 20:01:00,-600.0,Здоровье
2019-07-08 17:15:00,25267.0,Доходы
2019-07-08 17:15:00,12228.0,Доходы
2019-07-08 22:16:00,-350.0,Еда
2019-07-08 22:16:00,-781.0,Еда
2019-07-08 22:16:00,-713.0,Еда
2019-07-09 14:59:00,-2821.0,Еда
2019-07-09 18:51:00,30449.0,Доходы
2019-07-11 08:17:00,-1700.0,Путешествия
2019-07-11 18:51:00,-235.0,Еда
2019-07-11 18:51:00,54748.0,Доходы
2019-07-11 18:51:00,12154.0,Доходы
2019-07-11 18:51:00,15451.0,Доходы
2019-07-12 08:17:00,-3500.0,Развлечения
2019-07-12 11:30:00,-900.0,Транспорт
2019-07-12 11:30:00,-635.0,Транспорт
2019-07-12 13:35:00,-1320.0,Еда
2019-07-12 14:38:00,17500.0,Доходы
2019-07-12 14:38:00,-485.0,Транспорт
2019-07-12 14:38:00,-485.0,Транспорт
2019-07-12 15:20:00,-12000.0,Путешествия
2019-07-12 17:09:00,-600.0,Хобби
2019-07-12 18:08:00,-800.0,Еда
2019-07-12 20:08:00,-1326.0,Здоровье
2019-07-13 14:54:00,-598.0,Еда
2019-07-13 14:54:00,-218.0,Здоровье
2019-07-13 16:31:00,-736.0,Еда
2019-07-13 18:46:00,-300.0,Еда
2019-07-14 00:06:00,-531.0,Еда
2019-07-14 00:43:00,-3500.0,Развлечения
2019-07-14 14:05:00,-845.0,Еда
2019-07-14 15:26:00,-1000.0,Развлечения
2019-07-14 18:07:00,-519.0,Еда
2019-07-14 18:57:00,-1800.0,Развлечения
2019-07-14 18:57:00,-35000.0,Дом
2019-07-14 18:57:00,-4250.0,Дом
2019-07-14 21:13:00,-1342.0,Еда
2019-07-14 21:13:00,-400.0,Транспорт
2019-07-15 10:40:00,16643.0,Доходы
2019-07-15 10:40:00,-3800.0,Комплектующие
2019-07-15 13:54:00,-152.0,Еда
2019-07-15 15:22:00,-645.0,Еда
2019-07-15 17:06:00,-600.0,Транспорт
2019-07-15 21:31:00,-1574.0,Еда
2019-07-15 21:31:00,-183.0,Еда
2019-07-16 19:08:00,-1900.0,Транспорт
2019-07-16 19:08:00,-259.0,Еда
2019-07-16 19:08:00,-1300.0,Комплектующие
2019-07-16 19:08:00,-1400.0,Подарки
2019-07-18 18:48:00,-448.0,Еда
2019-07-18 19:19:00,267.0,Доходы
2019-07-18 19:19:00,1144.0,Доходы
2019-07-18 21:31:00,-1277.0,Еда
2019-07-20 21:31:00,-4800.0,Еда
2019-07-21 18:06:00,-2466.0,Хобби
2019-07-21 18:06:00,-250.0,Еда
2019-07-21 19:28:00,-515.0,Еда
2019-07-21 19:34:00,-205.0,Еда
2019-07-21 19:34:00,-3250.0,Еда
2019-07-21 19:34:00,-1250.0,Дом
2019-07-22 14:52:00,-505.0,Еда
2019-07-23 07:57:00,-3000.0,Украшения
2019-07-23 20:00:00,-38.0,Транспорт
2019-07-23 20:00:00,-380.0,Транспорт
2019-07-23 20:00:00,-32.0,Транспорт
2019-07-23 20:00:00,-320.0,Транспорт
2019-07-23 20:00:00,-28.0,Транспорт
2019-07-23 20:00:00,-280.0,Транспорт
2019-07-23 20:00:00,-19.0,Транспорт
2019-07-23 20:00:00,-384.0,Транспорт
2019-07-24 18:53:00,-1405.0,Еда
2019-07-26 09:55:00,7724.0,Доходы
2019-07-26 20:00:00,-1042.0,Транспорт
2019-07-26 20:00:00,-137.0,Транспорт
2019-07-26 20:00:00,-1370.0,Транспорт
2019-07-28 13:52:00,-834.0,Еда
2019-07-29 17:31:00,-750.0,Хобби
2019-07-29 18:11:00,-1800.0,Еда
2019-07-30 18:18:00,-600.0,Развлечения
2019-07-30 18:18:00,-900.0,Еда
2019-07-31 15:56:00,-1237.0,Еда
2019-07-31 18:34:00,-518.0,Еда
2019-07-31 20:29:00,16300.0,Доходы
2019-08-01 11:14:00,18156.0,Доходы
2019-08-01 18:23:00,-883.0,Еда
2019-08-01 19:13:00,-100.0,Хобби
2019-08-02 13:56:00,-30000.0,Подарки
2019-08-04 22:04:00,-1820.0,Еда
2019-08-05 21:48:00,-1217.0,Еда
2019-08-05 21:48:00,-713.0,Еда
2019-08-06 20:29:00,600.0,Доходы
2019-08-06 20:29:00,17550.0,Доходы
2019-08-06 20:29:00,-2900.0,Хобби
2019-08-07 18:35:00,-1400.0,Еда
2019-08-07 19:12:00,-820.0,Еда
2019-08-08 10:53:00,30450.0,Доходы
2019-08-08 15:43:00,-1448.0,Еда
2019-08-09 15:03:00,-1030.0,Еда
2019-08-10 17:35:00,-370.0,Транспорт
2019-08-10 17:35:00,-390.0,Транспорт
2019-08-10 19:15:00,-5880.0,Подарки
2019-08-10 19:49:00,-300.0,Дом
2019-08-10 19:49:00,-4400.0,Еда
2019-08-10 19:49:00,-424.0,Еда
2019-08-11 10:44:00,-964.0,Еда
2019-08-11 17:27:00,-747.0,Транспорт
2019-08-12 17:46:00,-880.0,Красота и здоровье
2019-08-12 20:50:00,17500.0,Доходы
2019-08-12 21:05:00,-518.0,Еда
2019-08-13 19:13:00,-438.0,Еда
2019-08-13 19:31:00,-35000.0,Дом
2019-08-13 19:31:00,-3910.0,Дом
2019-08-14 18:07:00,-1650.0,Еда
2019-08-14 18:07:00,-714.0,Еда
2019-08-15 14:38:00,17400.0,Доходы
2019-08-15 15:40:00,-229.0,Компьютер и программы
2019-08-15 17:45:00,-229.0,Компьютер и программы
2019-08-15 19:15:00,-455.0,Еда
2019-08-15 19:15:00,-2300.0,Хобби
2019-08-16 09:27:00,-500.0,Интернет и телефон
2019-08-16 21:39:00,2640.0,Доходы
2019-08-16 21:39:00,660.0,Доходы
2019-08-17 21:51:00,-722.0,Еда
2019-08-17 21:51:00,-2253.0,Еда
2019-08-18 17:02:00,-1580.0,Еда
2019-08-18 17:02:00,-4000.0,Дом
2019-08-18 17:02:00,-600.0,Обучение
2019-08-18 17:02:00,-600.0,Красота и здоровье
2019-08-19 06:22:00,895.0,Доходы
2019-08-19 15:53:00,-900.0,Транспорт
2019-08-19 18:31:00,-390.0,Транспорт
2019-08-19 18:31:00,-90.0,Транспорт
2019-08-19 18:31:00,-1000.0,Еда
2019-08-19 18:31:00,-500.0,Еда
2019-08-19 18:31:00,-1000.0,Еда
2019-08-19 18:31:00,223.0,Доходы
2019-08-19 18:31:00,719.0,Доходы
2019-08-20 18:05:00,-740.0,Еда
2019-08-20 19:14:00,-390.0,Еда
2019-08-21 21:03:00,-1000.0,Еда
2019-08-21 21:03:00,-1000.0,Еда
2019-08-22 09:57:00,6573.0,Доходы
2019-08-30 15:19:00,-23000.0,Дом
2019-08-30 19:15:00,1080.0,Доходы
2019-08-30 23:15:00,-404.0,Транспорт
2019-08-30 23:15:00,-924.0,Транспорт
2019-08-30 23:21:00,17400.0,Доходы
2019-09-01 18:21:00,-3576.0,Еда
2019-09-02 10:16:00,-1900.0,Транспорт
2019-09-03 11:05:00,-663.0,Еда
2019-09-03 11:19:00,-780.0,Транспорт
2019-09-03 19:14:00,-448.0,Еда
2019-09-04 13:06:00,-1000.0,Интернет и телефон
2019-09-04 16:06:00,-270.0,Еда
2019-09-04 16:06:00,-240.0,Еда
2019-09-04 16:28:00,-1350.0,Еда
2019-09-04 16:28:00,-476.0,Еда
2019-09-05 16:22:00,-715.0,Еда
2019-09-05 16:40:00,-270.0,Еда
2019-09-05 16:40:00,-794.0,Еда
2019-09-05 16:40:00,-270.0,Красота и здоровье
2019-09-07 22:13:00,17887.0,Доходы
2019-09-07 22:13:00,1951.0,Доходы
2019-09-07 22:13:00,16564.0,Доходы
2019-09-07 22:13:00,-30000.0,Подарки
2019-09-08 17:09:00,-230.0,Транспорт
2019-09-08 18:52:00,-350.0,Еда
2019-09-09 19:50:00,-942.0,Еда
2019-09-09 19:50:00,-480.0,Еда
2019-09-09 20:32:00,-421.0,Еда
2019-09-09 20:32:00,-3681.0,Еда
2019-09-10 15:07:00,6573.0,Доходы
2019-09-10 15:07:00,2281.0,Доходы
2019-09-12 15:07:00,17500.0,Доходы
2019-09-12 20:25:00,-2294.0,Еда
2019-09-12 20:25:00,-270.0,Еда
2019-09-13 09:18:00,-2872.0,Еда
2019-09-13 09:18:00,-823.0,Обучение
2019-09-13 09:18:00,-1388.0,Хобби
2019-09-13 10:13:00,-35000.0,Дом
2019-09-13 10:13:00,-3070.0,Дом
2019-09-13 14:46:00,-373.0,Транспорт
2019-09-14 15:21:00,-1490.0,Хобби
2019-09-14 16:56:00,-438.0,Еда
2019-09-14 17:56:00,-10996.0,Одежда и обувь
2019-09-14 19:11:00,-120.0,Еда
2019-09-15 12:16:00,-1300.0,Еда
2019-09-15 20:03:00,-1481.0,Еда
2019-09-16 19:28:00,-1568.0,Еда
